,USAF,Site Name,State,Latitude,Longitude,Avg hourly ETR in 2005 (Wh/m^2),Avg hourly METSTAT in 2005 (Wh/m^2),rand,class
0,722195,FULTON CO ARPT BROW,GA,33.767,-84.517,354.4932648,71.40228311,0.000377897,2
1,726835,REDMOND ROBERTS FIELD,OR,44.25,-121.167,312.3589041,51.13082192,0.00175806,0
2,725920,REDDING MUNICIPAL ARPT,CA,40.517,-122.317,328.3038813,51.15525114,0.001888371,1
3,723525,HOBART MUNICIPAL AP,OK,35.0,-99.05,349.9868721,59.32043379,0.002012071,2
4,725156,ELMIRA CORNING REGIONAL AP,NY,42.167,-76.9,321.3707763,70.36484018,0.00242452,1
5,724885,FALLON NAAS,NV,39.417,-118.717,332.8216895,68.98778539,0.002663537,1
6,727507,BENSON MUNI,MN,45.317,-95.65,307.6360731,60.39178082,0.003149477,0
7,722223,PENSACOLA REGIONAL AP,FL,30.483,-87.183,365.8340183,76.35776256,0.004265079,2
8,722899,CHINO AIRPORT,CA,33.967,-117.633,353.7657534,67.24874429,0.004859972,2
9,725376,DETROIT WILLOW RUN AP,MI,42.233,-83.533,321.0915525,65.70194064,0.008186439,1
10,724636,LAMAR MUNICIPAL,CO,38.067,-102.683,338.2313927,54.02328767,0.008191018,1
11,722780,PHOENIX SKY HARBOR INTL AP,AZ,33.45,-111.983,355.6294521,72.10216895,0.008535981,2
12,722516,KINGSVILLE,TX,27.5,-97.817,375.2660959,87.41552511,0.009100417,2
13,727920,OLYMPIA AIRPORT,WA,46.967,-122.9,300.2061644,62.37648402,0.010189019,0
14,722540,AUSTIN MUELLER MUNICIPAL AP [UT],TX,30.29,-97.74,366.4710046,80.93767123,0.010290029,2
15,722597,MINERAL WELLS MUNICIPAL AP,TX,32.783,-98.067,357.99121,63.68550228,0.010518888,2
16,726575,MINNEAPOLIS/CRYSTAL,MN,45.067,-93.35,308.7504566,61.85022831,0.010869824,0
17,722085,BEAUFORT MCAS,SC,32.483,-80.717,359.040411,82.22340183,0.011277144,2
18,724459,KAISER MEM (AWOS),MO,38.1,-92.55,338.0989726,63.87157534,0.011621895,1
19,724380,INDIANAPOLIS INTL AP,IN,39.717,-86.267,331.5974886,73.90525114,0.012327294,1
20,727477,ROSEAU MUNI (AWOS),MN,48.85,-95.7,291.5561644,55.92876712,0.013046729,0
21,726380,HOUGHTON LAKE ROSCOMMON CO AR,MI,44.367,-84.683,311.840411,59.87568493,0.01435502,0
22,725805,LOVELOCK DERBY FIELD,NV,40.067,-118.55,330.1682648,47.07431507,0.014557875,1
23,724640,PUEBLO MEMORIAL AP,CO,38.283,-104.5,337.3743151,52.01472603,0.015113382,1
24,723448,BATESVILLE (AWOS),AR,35.733,-91.65,347.2454338,67.92226027,0.015976093,2
25,723865,NELLIS AFB,NV,36.25,-115.033,345.2938356,65.36974886,0.01615012,2
26,727478,HALLOCK,MN,48.783,-96.95,291.8622146,56.84748858,0.01698895,0
27,726586,FAIRMONT MUNI(AWOS),MN,43.65,-94.417,314.9808219,61.11015982,0.018834437,0
28,722563,MC GREGOR (AWOS),TX,31.483,-97.317,362.4898402,63.07842466,0.019061341,2
29,722686,CLOVIS CANNON AFB,NM,34.383,-103.317,352.2603881,70.32146119,0.019106815,2
30,723656,SATA FE COUNTY MUNICIPAL AP,NM,35.617,-106.083,347.6802511,45.7283105,0.019979445,2
31,725067,BARNSTABLE MUNI BOA,MA,41.667,-70.283,323.491895,61.07625571,0.024499739,1
32,724675,EAGLE COUNTY AP,CO,39.65,-106.917,331.8692922,48.36563927,0.024909569,1
33,726185,AUGUSTA AIRPORT,ME,44.317,-69.8,312.0678082,55.3826484,0.025126492,0
34,725036,POUGHKEEPSIE DUTCHESS CO AP,NY,41.633,-73.883,323.6348174,67.68938356,0.026546969,1
35,725020,NEWARK INTERNATIONAL ARPT,NJ,40.717,-74.183,327.473516,74.64543379,0.026737368,1
36,726165,DILLANT HOPKINS,NH,42.9,-72.267,318.2293379,65.5760274,0.028863595,0
37,724767,CORTEZ/MONTEZUMA CO,CO,37.3,-108.633,341.2446347,46.018379,0.029040931,2
38,722310,NEW ORLEANS INTL ARPT,LA,30.0,-90.25,367.4142694,88.75468037,0.029560646,2
39,723143,SOUTHERN PINES AWOS,NC,35.233,-79.4,349.1246575,64.20456621,0.029565633,2
40,723830,SANDBERG,CA,34.75,-118.717,350.9094749,45.5543379,0.032873643,2
41,726686,PIERRE MUNICIPAL AP,SD,44.383,-100.283,311.7748858,54.62180365,0.033394567,0
42,727458,GRAND RAPIDS(AWOS),MN,47.217,-93.517,299.0666667,58.25901826,0.033402093,0
43,724014,DINWIDDIE CO,VA,37.183,-77.517,341.697032,67.62853881,0.033750789,2
44,723535,VANCE AFB,OK,36.333,-97.917,344.9734018,74.09680365,0.034560481,2
45,727720,HELENA REGIONAL AIRPORT,MT,46.6,-111.967,301.8731735,53.52020548,0.038744587,0
46,727459,ELY MUNI,MN,47.817,-91.833,296.3191781,56.89748858,0.039277473,0
47,723270,NASHVILLE INTERNATIONAL AP,TN,36.117,-86.683,345.7920091,80.35673516,0.039637521,2
48,723170,GREENSBORO PIEDMONT TRIAD INT,NC,36.1,-79.95,345.8634703,75.58858447,0.041349063,2
49,722555,PALACIOS MUNICIPAL AP,TX,28.717,-96.25,371.5179224,60.27180365,0.042082495,2
50,722650,MIDLAND INTERNATIONAL AP,TX,31.95,-102.183,360.8857306,55.26609589,0.042151814,2
51,722280,BIRMINGHAM MUNICIPAL AP,AL,33.567,-86.75,355.2100457,78.93858447,0.047727743,2
52,747685,GULFPORT BILOXI INT,MS,30.4,-89.067,366.1060502,75.66392694,0.048253606,2
53,727938,TACOMA NARROWS,WA,47.267,-122.583,298.8430365,60.56187215,0.048996516,0
54,722055,OCALA MUNI (AWOS),FL,29.167,-82.217,370.1057078,78.106621,0.051322673,2
55,723013,WILMINGTON INTERNATIONAL ARPT,NC,34.267,-77.9,352.6793379,71.46598174,0.05237258,2
56,725117,WASHINGTON (AWOS),PA,40.133,-80.283,329.8860731,72.03344749,0.054457487,1
57,725118,HARRISBURG CAPITAL CITY ARPT,PA,40.217,-76.85,329.5393836,67.8326484,0.060354353,1
58,727855,FAIRCHILD AFB,WA,47.633,-117.65,297.1667808,65.68287671,0.061327036,0
59,724755,CEDAR CITY MUNICIPAL AP,UT,37.7,-113.1,339.6751142,48.13869863,0.062535972,1
60,723740,WINSLOW MUNICIPAL AP,AZ,35.033,-110.717,349.8628995,44.62043379,0.065240885,2
61,726988,THE DALLES MUNICIPAL ARPT,WA,45.617,-121.15,306.2949772,51.57203196,0.0668585,0
62,723100,COLUMBIA METRO ARPT,SC,33.95,-81.117,353.8328767,80.66278539,0.067321498,2
63,722970,LONG BEACH DAUGHERTY FLD,CA,33.833,-118.167,354.2538813,71.14121005,0.067869777,2
64,723747,SHOW LOW MUNICIPAL,AZ,34.267,-110.0,352.6792237,49.42340183,0.069626062,2
65,725477,DENISON,IA,41.983,-95.383,322.1534247,62.54703196,0.071963087,1
66,724940,SAN FRANCISCO INTL AP,CA,37.617,-122.4,339.998516,76.07385845,0.072495561,1
67,722025,FORT LAUDERDALE HOLLYWOOD INT,FL,26.067,-80.15,379.4905251,92.79531963,0.076484027,2
68,725515,BEATRICE MUNICIPAL,NE,40.3,-96.75,329.2019406,62.20525114,0.076810885,1
69,725474,CRESTON,IA,41.017,-94.367,326.2293379,64.90673516,0.077878249,1
70,725336,DELAWARE CO JOHNSON,IN,40.233,-85.4,329.4780822,68.12009132,0.07805075,1
71,724645,TRINIDAD LAS ANIMAS COUNTY AP,CO,37.267,-104.333,341.3711187,46.20753425,0.078743825,2
72,725500,OMAHA EPPLEY AIRFIELD,NE,41.317,-95.9,324.9674658,65.39429224,0.078791984,1
73,725025,TETERBORO AIRPORT,NJ,40.85,-74.067,326.9234018,69.3053653,0.080338555,1
74,724490,ST JOSEPH ROSECRANS MEMORIAL,MO,39.767,-94.9,331.3900685,62.92328767,0.0825577,1
75,727415,RHINELANDER ONEIDA,WI,45.633,-89.467,306.2251142,56.53515982,0.083003951,0
76,722267,TROY AF,AL,31.867,-86.017,361.1761416,81.45513699,0.083893912,2
77,722406,HOUMA-TERREBONNE,LA,29.567,-90.667,368.8170091,89.0966895,0.08455175,2
78,690230,WHIDBEY ISLAND NAS,WA,48.35,-122.667,293.8651826,72.79988584,0.086713176,0
79,725556,AINSWORTH MUNICIPAL,NE,42.583,-100.0,319.5947489,52.31689498,0.086987826,0
80,726574,MARSHFIELD MUNI,WI,44.633,-90.183,310.6727169,61.28858447,0.088657098,0
81,726464,WATERTOWN,WI,43.167,-88.717,317.0780822,63.25422374,0.089167192,0
82,725340,CHICAGO MIDWAY AP,IL,41.783,-87.75,323.0039954,75.95388128,0.090485585,1
83,725865,HAILEY/FRIEDMAN MEM,ID,43.5,-114.3,315.6381279,63.893379,0.091154756,0
84,726458,STURGEON BAY,WI,44.85,-87.417,309.7125571,55.5260274,0.091313139,0
85,723630,AMARILLO INTERNATIONAL AP [CANYON - UT],TX,34.99,-101.9,350.0208904,70.73436073,0.094624394,2
86,724556,EMPORIA MUNICIPAL AP,KS,38.333,-96.183,337.173516,60.03413242,0.09551445,1
87,723120,GREER GREENV'L-SPARTANBRG AP,SC,34.9,-82.217,350.3571918,69.28652968,0.095592449,2
88,722429,HOUSTON/D.W. HOOKS,TX,30.067,-95.55,367.1978311,74.94771689,0.098067396,2
89,727815,STAMPEDE PASS,WA,47.283,-121.333,298.765411,53.16598174,0.099562494,0
90,726565,MORRIS MUNI (AWOS),MN,45.567,-95.967,306.5222603,59.7347032,0.100286195,0
91,723663,TAOS MUNI APT(AWOS),NM,36.45,-105.667,344.5245434,44.85376712,0.100822643,2
92,727730,MISSOULA INTERNATIONAL AP,MT,46.917,-114.1,300.4368721,52.79372146,0.106321603,0
93,747900,SUMTER SHAW AFB,SC,33.967,-80.467,353.7714612,83.59520548,0.106442409,2
94,726785,BUTTE BERT MOONEY ARPT,MT,45.95,-112.5,304.8041096,54.36267123,0.106508747,0
95,725290,ROCHESTER GREATER ROCHESTER I,NY,43.117,-77.683,317.2984018,69.91917808,0.107010007,0
96,725976,LAKEVIEW (AWOS),OR,42.167,-120.4,321.3737443,51.21061644,0.108477837,1
97,722230,MOBILE REGIONAL AP,AL,30.683,-88.25,365.1700913,84.34417808,0.108527457,2
98,725465,OTTUMWA INDUSTRIAL AP,IA,41.1,-92.45,325.8771689,62.87009132,0.108547508,1
99,722045,VERO BEACH MUNICIPAL ARPT,FL,27.65,-80.417,374.8158676,81.1586758,0.109608766,2
100,722587,COX FLD,TX,33.633,-95.45,354.9738584,59.94783105,0.110445307,2
101,722340,MERIDIAN KEY FIELD,MS,32.333,-88.75,359.563242,73.19771689,0.115888216,2
102,725103,READING SPAATZ FIELD,PA,40.367,-75.967,328.9239726,68.70456621,0.116342335,1
103,724110,ROANOKE REGIONAL AP,VA,37.317,-79.967,341.1765982,79.20490868,0.116411239,2
104,725475,MONTICELLO MUNI,IA,42.233,-91.167,321.0874429,66.22431507,0.116777631,1
105,745700,DAYTON WRIGHT PATTERSON AFB,OH,39.833,-84.05,331.1160959,78.43139269,0.118535149,1
106,724565,TOPEKA FORBES FIELD,KS,38.95,-95.667,334.7083333,62.91712329,0.119277915,1
107,724120,BECKLEY RALEIGH CO MEM AP,WV,37.8,-81.117,339.2836758,69.92625571,0.120011509,1
108,747020,LEMOORE REEVES NAS,CA,36.333,-119.95,344.9754566,68.47945205,0.120201891,2
109,722544,CAMP MABRY,TX,30.317,-97.767,366.3802511,65.62614155,0.120852047,2
110,723447,FLIPPIN (AWOS),AR,36.3,-92.467,345.0956621,68.44440639,0.1208687,2
111,722250,FORT BENNING LAWSON,GA,32.35,-85.0,359.508105,86.95673516,0.121523901,2
112,727976,BELLINGHAM INTL AP,WA,48.8,-122.533,291.785274,57.7173516,0.123388513,0
113,727437,IRON MOUNTAIN/FORD,MI,45.817,-88.117,305.3994292,58.41495434,0.123917114,0
114,726917,NORTH BEND MUNI AIRPORT,OR,43.417,-124.25,315.9976027,58.98458904,0.124269039,0
115,723896,VISALIA MUNI (AWOS),CA,36.317,-119.4,345.0336758,53.39703196,0.124391742,2
116,727827,MOSES LAKE GRANT COUNTY AP,WA,47.2,-119.317,299.1434932,47.95205479,0.125262603,0
117,723440,FORT SMITH REGIONAL AP,AR,35.333,-94.367,348.7479452,65.34006849,0.125997164,2
118,747880,MACDILL AFB,FL,27.85,-82.517,374.2063927,89.28835616,0.126502473,2
119,725479,CLARINDA,IA,40.717,-95.033,327.4791096,62.24657534,0.127527506,1
120,722316,NEW ORLEANS ALVIN CALLENDER F,LA,29.817,-90.017,368.0166667,87.75251142,0.130338008,2
121,724880,RENO TAHOE INTERNATIONAL AP,NV,39.483,-119.767,332.5495434,65.20308219,0.130649957,1
122,726884,LA GRANDE MUNI AP,OR,45.283,-118.0,307.7885845,53.67716895,0.130952185,0
123,722103,ST LUCIE CO INTL,FL,27.483,-80.367,375.3163242,85.82671233,0.13141104,2
124,724026,MELFA/ACCOMACK ARPT,VA,37.65,-75.767,339.8703196,66.7989726,0.13155818,1
125,724396,QUINCY MUNI BALDWIN FLD,IL,39.933,-91.2,330.7100457,65.33276256,0.134126811,1
126,723446,HARRISON FAA AP,AR,36.267,-93.15,345.221347,68.33938356,0.134228071,2
127,726569,HUTCHINSON (AWOS),MN,44.867,-94.383,309.6371005,62.78721461,0.137015085,0
128,722547,GEORGETOWN (AWOS),TX,30.683,-97.683,365.1686073,64.4706621,0.137068268,2
129,723926,CAMARILLO (AWOS),CA,34.217,-119.083,352.865411,59.18778539,0.137076877,2
130,725374,ANN ARBOR MUNICIPAL,MI,42.217,-83.75,321.1608447,66.04726027,0.138866233,1
131,722598,DALLAS/ADDISON ARPT,TX,32.967,-96.833,357.3402968,80.85239726,0.138926981,2
132,722523,SAN ANTONIO/STINSON,TX,29.333,-98.467,369.5714612,70.74098174,0.140418006,2
133,722314,NEW IBERIA NAAS,LA,30.033,-91.883,367.3071918,76.375,0.14243383,2
134,725170,ALLENTOWN LEHIGH VALLEY INTL,PA,40.65,-75.45,327.752968,68.88002283,0.144361783,1
135,725457,ALGONA,IA,43.083,-94.267,317.4447489,62.22751142,0.145433604,0
136,725487,MUSCATINE,IA,41.367,-91.15,324.7541096,67.81449772,0.145866308,1
137,747910,MYRTLE BEACH AFB,SC,33.683,-78.933,354.7958904,78.48504566,0.148538678,2
138,722535,SAN ANTONIO KELLY FIELD AFB,TX,29.383,-98.583,369.4098174,84.92522831,0.149849505,2
139,725305,W. CHICAGO/DU PAGE,IL,41.917,-88.25,322.4366438,66.5652968,0.14999959,1
140,726590,ABERDEEN REGIONAL ARPT,SD,45.45,-98.417,307.0461187,56.8216895,0.150392753,0
141,722695,LAS CRUCES INTL,NM,32.283,-106.917,359.738242,53.43915525,0.151523773,2
142,722284,AUBURN-OPELIKA APT,AL,32.616,-85.433,358.5797945,72.14805936,0.152531646,2
143,723449,ROGERS (AWOS),AR,36.367,-94.1,344.8416667,64.06940639,0.153517263,2
144,722010,KEY WEST INTL ARPT,FL,24.55,-81.75,383.7389269,76.14554795,0.155562752,2
145,724506,HUTCHINSON MUNICIPAL AP,KS,38.067,-97.867,338.2317352,59.31210046,0.156234625,1
146,726776,LEWISTOWN MUNICIPAL ARPT,MT,47.05,-109.45,299.8291096,49.39977169,0.156357246,0
147,726455,MANITOWAC MUNI AWOS,WI,44.133,-87.683,312.8722603,60.01004566,0.15643595,0
148,727566,AUSTIN MUNI,MN,43.667,-92.933,314.9115297,62.67271689,0.156446411,0
149,726463,WAUSAU MUNICIPAL ARPT,WI,44.917,-89.633,309.4160959,59.50787671,0.16248049,0
150,726620,RAPID CITY REGIONAL ARPT,SD,44.05,-103.05,313.2365297,51.78835616,0.16609049,0
151,725494,RED OAK,IA,41.017,-95.267,326.225,65.82488584,0.167434682,1
152,724125,BLUEFIELD/MERCER CO [NREL],WV,37.27,-81.24,341.3586758,66.59520548,0.169831982,2
153,726060,PORTLAND INTL JETPORT,ME,43.65,-70.3,314.9825342,56.94018265,0.170092488,0
154,722595,FORT WORTH NAS,TX,32.767,-97.45,358.0509132,77.93184932,0.170523165,2
155,725745,RAWLINS MUNICIPAL AP,WY,41.8,-107.2,322.9334475,47.17728311,0.172663517,1
156,724505,MCCONNELL AFB,KS,37.617,-97.267,340.0055936,78.17477169,0.173977732,2
157,722470,LONGVIEW GREGG COUNTY AP [OVERTON - UT],TX,32.29,-94.98,359.7124429,67.24851598,0.17466652,2
158,727680,GLASGOW INTL ARPT,MT,48.217,-106.617,294.4805936,49.95810502,0.175491599,0
159,725075,NORTH ADAMS,MA,42.7,-73.167,319.0891553,64.88869863,0.176582811,0
160,724070,ATLANTIC CITY INTL AP,NJ,39.45,-74.567,332.6823059,64.50216895,0.17678541,1
161,725636,CHADRON MUNICIPAL AP,NE,42.833,-103.083,318.5228311,48.94326484,0.177023318,0
162,722577,DRAUGHON MILLER CEN,TX,31.15,-97.4,363.6103881,65.58618721,0.178060408,2
163,725384,ST.CLAIR COUNTY INT,MI,42.917,-82.533,318.1574201,64.71358447,0.178067677,0
164,726557,ALEXANDRIA MUNICIPAL AP,MN,45.883,-95.4,305.1084475,57.18321918,0.178551303,0
165,726390,ALPENA COUNTY REGIONAL AP,MI,45.067,-83.583,308.7486301,59.80068493,0.178770655,0
166,722745,DAVIS MONTHAN AFB,AZ,32.167,-110.883,360.1409817,68.8097032,0.180318842,2
167,747804,HUNTER AAF,GA,32.0,-81.15,360.7141553,86.89200913,0.180609034,2
168,722015,KEY WEST NAS,FL,24.583,-81.683,383.6545662,84.76643836,0.182472561,2
169,724695,AURORA BUCKLEY FIELD ANGB,CO,39.717,-104.75,331.5980594,73.47648402,0.182538502,1
170,724045,SALISBURY WICOMICO CO AP,MD,38.333,-75.517,337.1744292,67.74840183,0.182720363,1
171,724115,HOT SPRINGS/INGALLS,VA,37.95,-79.833,338.6938356,63.99326484,0.188631134,1
172,725165,RUTLAND STATE,VT,43.517,-72.95,315.563242,61.12648402,0.188908074,0
173,724055,LEESBURG/GODFREY,VA,39.083,-77.567,334.1684932,62.64360731,0.190949633,1
174,724800,BISHOP AIRPORT,CA,37.367,-118.35,340.9793379,40.90136986,0.191801907,2
175,722430,HOUSTON BUSH INTERCONTINENTAL,TX,30.0,-95.367,367.4222603,90.28070776,0.19474497,2
176,747915,NORTH MYRTLE BEACH GRAND STRA,SC,33.817,-78.717,354.3105023,68.82363014,0.195452437,2
177,725473,CLINTON MUNI (AWOS),IA,41.833,-90.333,322.7892694,65.61073059,0.195912772,1
178,723306,COLUMBUS AFB,MS,33.65,-88.45,354.9091324,84.06118721,0.196251868,2
179,727347,PELLSTON EMMET COUNTY AP,MI,45.567,-84.783,306.5190639,57.30296804,0.196480105,0
180,724945,SAN JOSE INTL AP,CA,37.367,-121.933,340.9812785,72.63253425,0.197509011,2
181,722615,DEL RIO LAUGHLIN AFB,TX,29.367,-100.783,369.4622146,78.931621,0.198053593,2
182,747770,VALPARAISO HURLBURT,FL,30.417,-86.683,366.0495434,85.12716895,0.1990051,2
183,726930,EUGENE MAHLON SWEET ARPT [UO],OR,44.05,-123.07,313.235274,56.01883562,0.199363991,0
184,742060,TACOMA MCCHORD AFB,WA,47.15,-122.483,299.3737443,71.19600457,0.200805136,0
185,726576,WILLMAR,MN,45.117,-95.083,308.5248858,60.70468037,0.203094491,0
186,725776,JACKSON HOLE,WY,43.6,-110.733,315.203653,55.17716895,0.204573306,0
187,727670,WILLISTON SLOULIN INTL AP,ND,48.2,-103.65,294.5605023,53.7696347,0.20543502,0
188,725744,ROCK SPRINGS ARPT [GREEN RIVER - UO],WY,41.46,-109.44,324.3696347,46.49965753,0.206285088,1
189,722356,GREENVILLE MUNICIPAL,MS,33.483,-90.983,355.5075342,70.56312785,0.20853431,2
190,725070,PROVIDENCE T F GREEN STATE AR,RI,41.717,-71.433,323.283105,73.34372146,0.209719722,1
191,723300,POPLAR BLUFF(AMOS),MO,36.767,-90.467,343.3140411,65.17888128,0.210554204,2
192,724240,FORT KNOX GODMAN AAF,KY,37.9,-85.967,338.884589,78.46940639,0.210604789,1
193,726815,MOUNTAIN HOME AFB,ID,43.05,-115.867,317.5881279,63.66221461,0.211611692,0
194,725496,STORM LAKE,IA,42.6,-95.233,319.5237443,61.1760274,0.211890731,0
195,725370,DETROIT METROPOLITAN ARPT,MI,42.217,-83.35,321.158105,72.98333333,0.21421064,1
196,725786,MALAD CITY,ID,42.15,-112.283,321.4444064,70.72888128,0.21621241,1
197,725366,FINDLAY AIRPORT,OH,41.017,-83.667,326.221347,68.63824201,0.216704211,1
198,724585,RUSSELL MUNICIPAL AP,KS,38.883,-98.817,334.9785388,57.83401826,0.217115014,1
199,725825,ELKO MUNICIPAL ARPT,NV,40.833,-115.8,326.9915525,49.12374429,0.217334669,1
200,725895,KLAMATH FALLS INTL AP [UO],OR,42.22,-121.74,321.15,64.44920091,0.219367976,1
201,724467,WHITEMAN AFB,MO,38.717,-93.55,335.6453196,74.42979452,0.219631026,1
202,746120,CHINA LAKE NAF,CA,35.683,-117.683,347.4366438,57.7010274,0.220926921,2
203,724504,WICHITA/COL. JABARA,KS,37.75,-97.217,339.4810502,60.48949772,0.22108568,1
204,725628,BREWSTER FIELD ARPT,NE,40.45,-99.333,328.5842466,57.62100457,0.222239536,1
205,722104,ST PETERSBURG ALBERT WHITTED,FL,27.767,-82.633,374.4561644,73.93778539,0.224714845,2
206,722869,RIVERSIDE MUNI,CA,33.95,-117.45,353.8312785,59.33847032,0.225510677,2
207,723066,GOLDSBORO SEYMOUR JOHNSON AFB,NC,35.35,-77.967,348.6841324,82.73812785,0.226274029,2
208,725765,RIVERTON MUNICIPL AP,WY,43.05,-108.45,317.5898402,46.05262557,0.226710098,0
209,747320,HOLLOMAN AFB,NM,32.85,-106.1,357.7555936,71.09394977,0.228624562,2
210,725200,PITTSBURGH INTERNATIONAL AP,PA,40.5,-80.233,328.3712329,75.70490868,0.228801864,1
211,722329,PATTERSON MEMORIAL,LA,29.717,-91.333,368.3341324,77.31369863,0.231959924,2
212,725866,JOSLIN FLD MAGIC VA [TWIN FALLS - UO],ID,42.55,-114.35,319.738242,47.59212329,0.232061432,0
213,725527,TEKAMAH (ASOS),NE,41.767,-96.167,323.0696347,63.15376712,0.233133318,1
214,726770,BILLINGS LOGAN INT'L ARPT,MT,45.8,-108.55,305.4742009,65.45091324,0.23359785,0
215,722270,MARIETTA DOBBINS AFB,GA,33.917,-84.517,353.9555936,83.56015982,0.234258575,2
216,722560,WACO REGIONAL AP,TX,31.617,-97.233,362.027968,66.93778539,0.234269362,2
217,722484,SHREVEPORT DOWNTOWN,LA,32.533,-93.75,358.86621,69.82465753,0.237096931,2
218,725347,CHICAGO/WAUKEGAN,IL,42.417,-87.867,320.3069635,64.24440639,0.237708677,1
219,727825,WENATCHEE/PANGBORN,WA,47.4,-120.2,298.2334475,50.6303653,0.239510791,0
220,724177,MARTINSBURG EASTERN WV REG AP,WV,39.4,-77.983,332.8877854,68.35890411,0.240198612,1
221,744860,NEW YORK J F KENNEDY INT'L AR,NY,40.65,-73.8,327.7518265,75.70091324,0.24041954,1
222,726223,MASSENA AP,NY,44.933,-74.85,309.3416667,57.40787671,0.243243143,0
223,725520,GRAND ISLAND CENTRAL NE REGIO,NE,40.967,-98.317,326.4311644,59.09726027,0.246391975,1
224,725180,ALBANY COUNTY AP,NY,42.75,-73.8,318.8751142,60.21358447,0.246421805,0
225,725030,NEW YORK LAGUARDIA ARPT,NY,40.783,-73.883,327.2021689,74.07773973,0.24746123,1
226,725326,STERLING ROCKFALLS,IL,41.75,-89.667,323.1450913,66.22020548,0.248064428,1
227,725125,DUBOIS FAA AP,PA,41.183,-78.9,325.5267123,64.15605023,0.248340505,1
228,725530,OMAHA WSFO,NE,41.367,-96.017,324.7599315,63.52180365,0.248451999,1
229,722505,HARLINGEN RIO GRANDE VALLEY I,TX,26.233,-97.65,379.0155251,80.72465753,0.249416427,2
230,726563,FARIBAULT MUNI AWOS,MN,44.333,-93.317,311.994863,62.86175799,0.251294615,0
231,724515,GARDEN CITY MUNICIPAL AP,KS,37.933,-100.717,338.7574201,54.20890411,0.253488023,1
232,725054,PAWTUCKET (AWOS),RI,41.917,-71.5,322.438242,64.43675799,0.254367253,1
233,723068,ROCKY MOUNT WILSON,NC,35.85,-77.9,346.8050228,67.08949772,0.254714882,2
234,725946,CRESCENT CITY FAA AI,CA,41.783,-124.233,323.0058219,54.89429224,0.255801891,1
235,725260,ERIE INTERNATIONAL AP,PA,42.083,-80.183,321.7315068,64.64965753,0.256236098,1
236,726375,OAKLAND CO INTL,MI,42.667,-83.417,319.234589,73.59486301,0.257235584,0
237,723544,OKLAHOMA CITY/WILEY,OK,35.533,-97.65,348.0023973,62.10799087,0.259110809,2
238,726055,PEASE INTL TRADEPOR,NH,43.083,-70.817,317.440411,71.60627854,0.259999214,0
239,723060,RALEIGH DURHAM INTERNATIONAL,NC,35.867,-78.783,346.7378995,82.92796804,0.260954981,2
240,727440,HANCOCK HOUGHTON CO AP,MI,47.167,-88.5,299.2942922,54.19554795,0.261918299,0
241,724060,BALTIMORE BLT-WASHNGTN INT'L,MD,39.167,-76.683,333.8303653,76.02636986,0.263421829,1
242,742300,MILES CITY MUNICIPAL ARPT,MT,46.433,-105.883,302.6257991,48.19200913,0.263686178,0
243,724056,MARION / WYTHEVILLE,VA,36.9,-81.35,342.7916667,73.15981735,0.26426135,2
244,725128,STATE COLLEGE [PENN STATE - SURFRAD],PA,40.72,-77.93,327.4626712,62.9793379,0.264331049,1
245,743920,NAVAL AIR STATION,ME,43.9,-69.933,313.8884703,63.60958904,0.265213489,0
246,725058,BLOCK ISLAND STATE ARPT,RI,41.167,-71.583,325.5966895,60.92271689,0.265606785,1
247,723890,FRESNO YOSEMITE INTL AP,CA,36.783,-119.717,343.2482877,74.8956621,0.265874728,2
248,725970,MEDFORD ROGUE VALLEY INTL AP [ASHLAND - UO],OR,42.19,-122.7,321.2787671,58.82648402,0.267338064,1
249,725463,CHARLES CITY,IA,43.067,-92.617,317.5133562,63.73481735,0.268739627,0
250,726457,APPLETON/OUTAGAMIE,WI,44.25,-88.517,312.3593607,75.12100457,0.269899542,0
251,722500,BROWNSVILLE S PADRE ISL INTL,TX,25.9,-97.433,379.9745434,81.66609589,0.270007233,2
252,727930,SEATTLE SEATTLE-TACOMA INTL A,WA,47.467,-122.317,297.9244292,68.68047945,0.270210314,0
253,727846,WALLA WALLA CITY COUNTY AP,WA,46.1,-118.283,304.1303653,50.70913242,0.270277552,0
254,723340,MEMPHIS INTERNATIONAL AP,TN,35.067,-89.983,349.7328767,81.01461187,0.272605078,2
255,726525,CHAN GURNEY MUNI,SD,42.917,-97.383,318.1608447,58.78995434,0.273177482,0
256,724839,SACRAMENTO METROPOLITAN AP,CA,38.7,-121.583,335.7133562,57.11347032,0.273703619,1
257,725246,MANSFIELD LAHM MUNICIPAL ARPT,OH,40.817,-82.517,327.0560502,66.7946347,0.273902786,1
258,722656,WINK WINKLER COUNTY AP,TX,31.783,-103.2,361.4608447,52.50936073,0.276070254,2
259,722068,JACKSONVILLE/CRAIG,FL,30.333,-81.517,366.3283105,75.70593607,0.279623031,2
260,722038,NAPLES MUNICIPAL,FL,26.15,-81.767,379.2543379,83.88995434,0.281533893,2
261,722510,CORPUS CHRISTI INTL ARPT [UT],TX,27.88,-97.63,374.1119863,80.90947489,0.283831059,2
262,727555,THIEF RIVER(AWOS),MN,48.067,-96.183,295.1706621,57.24429224,0.285260703,0
263,723067,KINSTON STALLINGS AFB,NC,35.317,-77.633,348.8083333,69.05833333,0.287023361,2
264,725378,HOWELL,MI,42.633,-83.983,319.3796804,66.29257991,0.287860066,0
265,725316,DECATUR,IL,39.833,-88.867,331.121347,65.49212329,0.288916701,1
266,722480,SHREVEPORT REGIONAL ARPT,LA,32.45,-93.817,359.1568493,78.84246575,0.291240368,2
267,744865,WESTHAMPTON GABRESKI AP,NY,40.85,-72.633,326.9214612,64.97808219,0.291597875,1
268,724930,OAKLAND METROPOLITAN ARPT,CA,37.717,-122.217,339.6142694,72.56438356,0.293802426,1
269,724280,COLUMBUS PORT COLUMBUS INTL A,OH,39.983,-82.883,330.5035388,76.79041096,0.293940618,1
270,727934,RENTON MUNI,WA,47.483,-122.217,297.8546804,57.33207763,0.293987688,0
271,722448,TYLER/POUNDS FLD,TX,32.35,-95.4,359.5020548,66.57454338,0.294679353,2
272,744904,LAWRENCE MUNI,MA,42.717,-71.117,319.0156393,61.08059361,0.295341335,0
273,724220,LEXINGTON BLUEGRASS AP,KY,38.033,-84.6,338.35879,68.91312785,0.295916515,1
274,726170,BURLINGTON INTERNATIONAL AP,VT,44.467,-73.15,311.4009132,67.30856164,0.295919919,0
275,726360,MUSKEGON COUNTY ARPT,MI,43.167,-86.233,317.0771689,67.06415525,0.296236528,0
276,722486,MONROE REGIONAL AP,LA,32.517,-92.033,358.9216895,69.30730594,0.296579884,2
277,725469,CHARITON,IA,41.033,-93.367,326.1561644,63.42751142,0.29662523,1
278,745160,TRAVIS FIELD AFB,CA,38.267,-121.933,337.4401826,69.26232877,0.296822583,1
279,724375,MONROE CO,IN,39.133,-86.617,333.9655251,66.54006849,0.297899472,1
280,725046,GROTON NEW LONDON AP,CT,41.333,-72.05,324.9022831,63.7696347,0.298407172,1
281,723307,GOLDEN TRI(AWOS),MS,33.45,-88.583,355.6304795,66.18926941,0.301120293,2
282,725755,OGDEN HILL AFB,UT,41.117,-111.967,325.8053653,69.21449772,0.301618347,1
283,726116,LEBANON MUNICIPAL,NH,43.633,-72.3,315.0627854,61.87636986,0.302621027,0
284,724094,CALDWELL/ESSEX CO.,NJ,40.883,-74.283,326.7805936,68.09771689,0.30364223,1
285,724033,SHANNON ARPT,VA,38.267,-77.45,337.4360731,65.03961187,0.304009805,1
286,727450,DULUTH INTERNATIONAL ARPT,MN,46.833,-92.217,300.8156393,58.84189498,0.304099292,0
287,727135,WISCASSET,ME,43.967,-69.717,313.5997717,55.71324201,0.304575528,0
288,725377,MOUNT CLEMENS SELFRIDGE FLD,MI,42.617,-82.833,319.4515982,75.5630137,0.304771523,0
289,725430,ROCKFORD GREATER ROCKFORD AP,IL,42.2,-89.1,321.2341324,71.88333333,0.305402565,1
290,723546,PONCA CITY MUNICIPAL AP [SGP - ARM],OK,36.61,-97.49,343.9097032,55.16803653,0.306504766,2
291,724037,DAVISON AAF,VA,38.717,-77.183,335.6380137,80.77945205,0.307862254,1
292,727475,MORA MUNI (AWOS),MN,45.883,-93.267,305.1034247,61.70273973,0.308222943,0
293,726435,EAU CLAIRE COUNTY AP,WI,44.867,-91.483,309.6373288,60.0783105,0.308809855,0
294,726798,LIVINGSTON MISSION FIELD,MT,45.7,-110.45,305.9230594,51.44600457,0.311882874,0
295,724036,MANASSAS MUNI(AWOS),VA,38.717,-77.517,335.6388128,58.95136986,0.312234018,1
296,725035,ISLIP LONG ISL MACARTHUR AP,NY,40.783,-73.1,327.2030822,72.81586758,0.312370201,1
297,724397,CENTRAL ILLINOIS RG,IL,40.467,-88.917,328.5105023,65.23378995,0.313154014,1
298,744910,CHICOPEE FALLS WESTO,MA,42.2,-72.533,321.2278539,76.63869863,0.313228888,1
299,722524,ROCKPORT/ARANSAS CO,TX,28.083,-97.05,373.4898402,69.14908676,0.315238408,2
300,724560,TOPEKA MUNICIPAL AP,KS,39.067,-95.633,334.2339041,63.25091324,0.315354632,1
301,726370,FLINT BISHOP INTL ARPT,MI,42.967,-83.75,317.9474886,72.16815068,0.315486656,0
302,725483,FORT MADISON,IA,40.667,-91.333,327.6810502,63.70856164,0.317402873,1
303,723527,GAGE AIRPORT,OK,36.3,-99.767,345.0947489,54.57922374,0.318522599,2
304,722115,SARASOTA BRADENTON,FL,27.383,-82.55,375.6238584,78.68424658,0.31936563,2
305,723526,CLINTON-SHERMAN,OK,35.333,-99.2,348.744863,58.76803653,0.319692008,2
306,725320,PEORIA GREATER PEORIA AP,IL,40.667,-89.683,327.6839041,66.42636986,0.3214366,1
307,724345,ST LOUIS SPIRIT OF ST LOUIS A,MO,38.65,-90.65,335.9079909,66.60079909,0.324153331,1
308,722747,SAFFORD (AMOS),AZ,32.817,-109.683,357.8710046,39.78196347,0.324159144,2
309,724673,LEADVILLE/LAKE CO.,CO,39.217,-106.317,333.6226027,52.0293379,0.324880083,1
310,727885,WILLIAM R FAIRCHILD,WA,48.117,-123.5,294.9422374,55.03025114,0.325763748,0
311,726480,ESCANABA (AWOS),MI,45.75,-87.033,305.6996575,53.63664384,0.32616363,0
312,722446,LUFKIN ANGELINA CO,TX,31.233,-94.75,363.3323059,73.46700913,0.326881777,2
313,725467,SHENANDOAH MUNI,IA,40.75,-95.417,327.3364155,65.60091324,0.327831612,1
314,725116,LANCASTER,PA,40.117,-76.3,329.9563927,67.94486301,0.328079588,1
315,723816,LANCASTER GEN WM FOX FIELD,CA,34.733,-118.217,350.9752283,46.61449772,0.329240709,2
316,724665,LIMON,CO,39.183,-103.717,333.7641553,53.9097032,0.329454609,1
317,725570,SIOUX CITY SIOUX GATEWAY AP,IA,42.383,-96.383,320.4495434,60.85799087,0.332638854,1
318,722740,TUCSON INTERNATIONAL AP,AZ,32.133,-110.95,360.2558219,44.88196347,0.335289915,2
319,724175,HARRISON MARION RGN,WV,39.283,-80.233,333.3579909,70.65616438,0.336922478,1
320,727687,SIDNEY-RICHLAND,MT,47.7,-104.2,296.8603881,55.40479452,0.337811907,0
321,726155,LACONIA MUNI (AWOS),NH,43.567,-71.417,315.3471461,57.36267123,0.338584908,0
322,725300,CHICAGO OHARE INTL AP,IL,41.983,-87.917,322.1578767,75.10719178,0.338710886,1
323,725240,CLEVELAND HOPKINS INTL AP,OH,41.4,-81.85,324.6210046,74.00913242,0.339487473,1
324,722670,LUBBOCK INTERNATIONAL AP,TX,33.667,-101.817,354.853653,72.42420091,0.339563939,2
325,723095,NEW BERN CRAVEN CO REGL AP,NC,35.067,-77.05,349.7364155,71.06586758,0.339717927,2
326,723940,SANTA MARIA PUBLIC ARPT,CA,34.917,-120.467,350.2958904,64.76723744,0.341275312,2
327,724095,TRENTON MERCER COUNTY AP,NJ,40.283,-74.817,329.2732877,68.12283105,0.342419812,1
328,722160,ALBANY DOUGHERTY COUNTY AP,GA,31.533,-84.183,362.3121005,75.32134703,0.344076113,2
329,725454,WASHINGTON,IA,41.283,-91.667,325.1114155,64.30273973,0.344386468,1
330,725064,PLYMOUTH MUNICIPAL,MA,41.917,-70.733,322.4356164,61.36849315,0.344573007,1
331,722976,FULLERTON MUNICIPAL,CA,33.867,-117.983,354.1305936,65.24155251,0.344816599,2
332,746930,FORT BRAGG SIMMONS AAF,NC,35.133,-78.933,349.4924658,81.54611872,0.34607197,2
333,726559,MARSHALL/RYAN(AWOS),MN,44.45,-95.817,311.4821918,58.29166667,0.346726905,0
334,725478,WEBSTER CITY,IA,42.433,-93.867,320.2374429,62.57488584,0.346759455,1
335,722926,CAMP PENDLETON MCAS,CA,33.3,-117.35,356.1603881,76.71438356,0.347022283,2
336,727856,FELTS FLD,WA,47.683,-117.317,296.9393836,59.94155251,0.348470319,0
337,723096,NEW RIVER MCAF,NC,34.7,-77.383,351.0964612,80.40947489,0.349416344,2
338,722170,MACON MIDDLE GA REGIONAL AP,GA,32.683,-83.65,358.343379,72.46335616,0.353282463,2
339,722066,MAYPORT NS,FL,30.4,-81.417,366.1041096,85.22340183,0.353559973,2
340,726079,ROCKLAND/KNOX(AWOS),ME,44.067,-69.1,313.1614155,52.34954338,0.353584059,0
341,723870,MERCURY DESERT ROCK AP [SURFRAD],NV,36.63,-116.02,343.8356164,53.20159817,0.354948405,2
342,722906,SAN DIEGO NORTH ISLAND NAS,CA,32.7,-117.2,358.2811644,79.07146119,0.355983341,2
343,723183,BRISTOL TRI CITY AIRPORT,TN,36.467,-82.4,344.4609589,83.10091324,0.357169558,2
344,726589,ALBERT LEA (AWOS),MN,43.683,-93.367,314.8385845,62.46484018,0.357244878,0
345,725360,TOLEDO EXPRESS AIRPORT,OH,41.583,-83.8,323.8449772,67.16575342,0.357389038,1
346,726564,RED WING,MN,44.583,-92.483,310.8934932,62.10159817,0.359111537,0
347,722689,CLOVIS MUNI  (AWOS),NM,34.433,-103.083,352.073516,54.47134703,0.359199697,2
348,726467,RICE LAKE MUNICIPAL,WI,45.483,-91.717,306.8973744,60.40730594,0.360040134,0
349,724463,KANSAS CITY DOWNTOWN AP,MO,39.117,-94.6,334.0288813,62.54714612,0.360651034,1
350,723658,FARMINGTON FOUR CORNERS REGL,NM,36.75,-108.233,343.3767123,43.42454338,0.363102343,2
351,724458,JEFFERSON CITY MEM,MO,38.583,-92.15,336.1751142,63.85262557,0.36322706,1
352,727130,PRESQUE ISLE MUNICIP,ME,46.683,-68.05,301.49121,55.04360731,0.364747913,0
353,722119,LAKELAND LINDER RGN,FL,27.983,-82.017,373.798516,93.37956621,0.364827807,2
354,722050,ORLANDO INTL ARPT,FL,28.433,-81.333,372.4044521,90.27579909,0.366066649,2
355,727576,GRAND FORKS INTERNATIONAL AP,ND,47.95,-97.183,295.709589,59.96803653,0.36681016,0
356,725524,ORD/SHARP FIELD,NE,41.617,-98.95,323.7020548,57.79474886,0.368448135,1
357,724660,COLORADO SPRINGS MUNI AP,CO,38.817,-104.717,335.2415525,69.16621005,0.369522444,1
358,725490,FORT DODGE (AWOS),IA,42.55,-94.183,319.7363014,63.77089041,0.370166161,0
359,722135,ALMA BACON COUNTY AP,GA,31.533,-82.5,362.3138128,72.95262557,0.371590935,2
360,724066,HAGERSTOWN RGNL RIC,MD,39.7,-77.733,331.6650685,68.56906393,0.372179204,1
361,723235,MUSCLE SHOALS REGIONAL AP,AL,34.75,-87.6,350.908105,71.72385845,0.372205356,2
362,726626,ANTIGO\LANG(AWOS),WI,45.15,-87.15,308.3807078,57.86050228,0.373737679,0
363,723240,CHATTANOOGA LOVELL FIELD AP,TN,35.033,-85.2,349.8613014,80.54942922,0.374965694,2
364,725626,IMPERIAL FAA AP,NE,40.517,-101.617,328.3069635,50.52374429,0.375237905,1
365,725610,SIDNEY MUNICIPAL AP,NE,41.1,-102.983,325.8770548,54.57614155,0.376493576,1
366,724250,HUNTINGTON TRI-STATE ARPT,WV,38.383,-82.55,336.9719178,68.70148402,0.378692028,1
367,724456,VICHY ROLLA NATL ARPT,MO,38.133,-91.767,337.9675799,63.84086758,0.381022158,1
368,723110,ATHENS BEN EPPS AP,GA,33.95,-83.333,353.8283105,69.95353881,0.381988988,2
369,722517,ALICE INTL AP,TX,27.733,-98.033,374.5621005,76.07454338,0.383504373,2
370,725975,SEXTON SUMMIT,OR,42.6,-123.367,319.5245434,48.78687215,0.386730636,0
371,726685,MOBRIDGE,SD,45.533,-100.433,306.6754566,55.45856164,0.390002083,0
372,722630,SAN ANGELO MATHIS FIELD,TX,31.35,-100.5,362.935274,59.90205479,0.393304988,2
373,726160,BERLIN MUNICIPAL,NH,44.583,-71.183,310.8921233,60.32111872,0.394191755,0
374,722065,JACKSONVILLE NAS,FL,30.233,-81.667,366.6558219,84.43276256,0.394251213,2
375,725375,DETROIT CITY AIRPORT,MI,42.4,-83.0,320.3808219,66.40011416,0.395449192,1
376,725287,NIAGARA FALLS AF,NY,43.1,-78.95,317.3663242,72.12728311,0.396528502,0
377,744864,REPUBLIC,NY,40.717,-73.417,327.473516,65.24486301,0.396775172,1
378,727926,TOLEDO-WINLOCK MEM,WA,46.483,-122.8,302.4006849,59.75525114,0.397560617,0
379,722445,COLLEGE STATION EASTERWOOD FL,TX,30.583,-96.367,365.5019406,71.79554795,0.399250758,2
380,722166,VALDOSTA WB AIRPORT,GA,30.783,-83.283,364.836758,82.68047945,0.400369631,2
381,726985,PORTLAND/TROUTDALE,OR,45.55,-122.4,306.5989726,59.93995434,0.402778242,0
382,725390,LANSING CAPITAL CITY ARPT,MI,42.783,-84.583,318.7297945,71.58664384,0.403564406,0
383,725635,ALLIANCE MUNICIPAL,NE,42.05,-102.8,321.8710046,48.61757991,0.404235147,1
384,725450,CEDAR RAPIDS MUNICIPAL AP,IA,41.883,-91.717,322.5775114,64.46358447,0.404692333,1
385,724390,SPRINGFIELD CAPITAL AP,IL,39.85,-89.683,331.0498858,64.54543379,0.405028103,1
386,722880,BURBANK-GLENDALE-PASSADENA AP,CA,34.2,-118.35,352.9267123,59.04063927,0.406727365,2
387,722190,ATLANTA HARTSFIELD INTL AP,GA,33.633,-84.433,354.9730594,81.07671233,0.407448818,2
388,724243,LONDON-CORBIN AP,KY,37.083,-84.083,342.0836758,70.31883562,0.407711742,2
389,723565,BARTLESVILLE/PHILLI,OK,36.767,-96.017,343.3098174,62.91746575,0.408627408,2
390,723520,ALTUS AFB,OK,34.65,-99.267,351.2796804,73.34885845,0.410773216,2
391,723260,KNOXVILLE MCGHEE TYSON AP,TN,35.817,-83.983,346.9309361,82.85114155,0.41175937,2
392,725065,NEW BEDFORD RGNL,MA,41.667,-70.95,323.4920091,63.30799087,0.41210893,1
393,724350,PADUCAH BARKLEY REGIONAL AP,KY,37.05,-88.767,342.2124429,67.18481735,0.413425396,2
394,726430,LA CROSSE MUNICIPAL ARPT,WI,43.867,-91.25,314.0384703,61.92191781,0.414436353,0
395,722868,PALM SPRINGS INTL,CA,33.833,-116.5,354.2582192,54.24497717,0.41743696,2
396,722590,DALLAS-FORT WORTH INTL AP,TX,32.9,-97.017,357.5784247,78.42945205,0.418299779,2
397,724518,HAYS MUNI (AWOS),KS,38.85,-99.267,335.1075342,57.50513699,0.418694245,1
398,725124,BUTLER CO. (AWOS),PA,40.783,-79.95,327.197032,65.04315068,0.419180314,1
399,727470,INTERNATIONAL FALLS INTL AP,MN,48.567,-93.4,292.8657534,57.04121005,0.419366782,0
400,725095,WORCHESTER REGIONAL ARPT,MA,42.267,-71.883,320.9461187,61.08892694,0.420448264,1
401,724676,ASPEN PITKIN CO SAR,CO,39.217,-106.867,333.6303653,63.77420091,0.421711769,1
402,727750,GREAT FALLS INTL ARPT,MT,47.467,-111.383,297.9238584,49.4489726,0.422184865,0
403,722583,DALLAS LOVE FIELD,TX,32.85,-96.85,357.7562785,77.5466895,0.424514208,2
404,725455,BURLINGTON MUNICIPAL AP,IA,40.783,-91.117,327.2030822,64.18447489,0.43413347,1
405,726088,BANGOR INTERNATIONAL AP,ME,44.8,-68.817,309.9305936,56.95091324,0.43552978,0
406,727928,BREMERTON NATIONAL,WA,47.483,-122.75,297.8550228,58.20079909,0.437851601,0
407,722420,GALVESTON/SCHOLES,TX,29.3,-94.8,369.6791096,66.71495434,0.440371286,2
408,725245,BURKE LAKEFRONT,OH,41.517,-81.683,324.1252283,69.56803653,0.442473256,1
409,722748,CASA GRANDA (AWOS),AZ,32.95,-111.767,357.4013699,41.9347032,0.443013797,2
410,724550,FORT RILEY MARSHALL AAF,KS,39.05,-96.767,334.2981735,68.54121005,0.446359349,1
411,727770,HAVRE CITY-COUNTY AP,MT,48.55,-109.767,292.9462329,48.51392694,0.447285452,0
412,722610,DEL RIO [UT],TX,29.38,-100.91,369.4226027,64.5402968,0.450420288,2
413,725625,MCCOOK MUNICIPAL,NE,40.2,-100.583,329.6142694,54.69577626,0.451755147,1
414,726588,WINONA MUNI (AWOS),MN,44.083,-91.7,313.0892694,63.57796804,0.452129606,0
415,722533,HONDO MUNICIPAL AP,TX,29.367,-99.167,369.4584475,69.95833333,0.452252381,2
416,724457,FT LNRD WD AAF,MO,37.75,-92.15,339.4828767,79.96552511,0.45521137,1
417,723347,DYERSBURG MUNICIPAL AP,TN,36.017,-89.4,346.1712329,65.63116438,0.45680366,2
418,723030,FAYETTEVILLE POPE AFB,NC,35.167,-79.017,349.3692922,83.23515982,0.457823503,2
419,724586,SALINA MUNICIPAL AP,KS,38.817,-97.667,335.2372146,60.06107306,0.458337493,1
420,724735,HANKSVILLE,UT,38.367,-110.717,337.0399543,77.18789954,0.458419074,1
421,724957,SANTA ROSA (AWOS),CA,38.517,-122.817,336.4434932,58.24748858,0.45988007,1
422,724176,MORGANTOWN HART FIELD,WV,39.65,-79.917,331.8673516,74.37568493,0.4599431,1
423,725785,IDAHO FALLS FANNING FIELD,ID,43.517,-112.067,315.5644977,59.1847032,0.460006038,0
424,724625,DURANGO/LA PLATA CO,CO,37.15,-107.75,341.8280822,43.39623288,0.461397892,2
425,722358,MCCOMB PIKE COUNTY AP,MS,31.233,-90.467,363.3252283,77.20239726,0.461997716,2
426,724699,BROOMFIELD/JEFFCO [BOULDER - SURFRAD],CO,40.13,-105.24,329.9021689,78.60618863,0.463724856,1
427,722226,WHITING FIELD NAAS,FL,30.717,-87.017,365.0568493,86.20490868,0.464145804,2
428,725063,NANTUCKET MEMORIAL AP,MA,41.25,-70.067,325.2479452,60.37579909,0.464146285,1
429,722404,LAKE CHARLES WB AIRP,LA,30.217,-93.167,366.7068493,77.2793379,0.465084363,2
430,723125,ANDERSON COUNTY AP,SC,34.5,-82.717,351.8262557,67.66643836,0.467606848,2
431,722315,NEW ORLEANS LAKEFRONT AP,LA,30.05,-90.033,367.2561644,73.92420091,0.467822056,2
432,727444,TWO HARBORS,MN,47.05,-91.75,299.8255708,56.5216895,0.47170899,0
433,724776,MOAB/CANYONLANDS [UO],UT,38.58,-109.54,336.1873288,46.11118721,0.4733009,1
434,725396,BATTLE CREEK KELLOGG AP,MI,42.3,-85.25,320.8076484,64.68835616,0.473815993,1
435,726568,OWATONNA (AWOS),MN,44.117,-93.25,312.9444064,63.16563927,0.475425155,0
436,723676,TUCUMCARI FAA AP,NM,35.183,-103.6,349.3033105,58.52956621,0.477643071,2
437,726387,TRAVERSE CITY CHERRY CAPITAL,MI,44.733,-85.583,310.2281963,66.96586758,0.47924628,0
438,724555,MANHATTAN RGNL,KS,39.133,-96.667,333.963242,60.7533105,0.481381414,1
439,722137,BRUNSWICK MALCOLM MCKINNON AP,GA,31.15,-81.383,363.6079909,72.10308219,0.483386517,2
440,744915,WESTFIELD BARNES MUNI AP,MA,42.15,-72.717,321.4407534,65.78173516,0.488340635,1
441,722245,PANAMA CITY BAY CO,FL,30.2,-85.683,366.7638128,80.30639269,0.490228521,2
442,722700,EL PASO INTERNATIONAL AP [UT],TX,31.77,-106.5,361.5050228,78.4390411,0.490509553,2
443,723080,NORFOLK INTERNATIONAL AP,VA,36.9,-76.2,342.7885845,74.98972603,0.490733284,2
444,722599,DALLAS/REDBIRD ARPT,TX,32.683,-96.867,358.3431507,65.06187215,0.492740206,2
445,723140,CHARLOTTE DOUGLAS INTL ARPT,NC,35.217,-80.95,349.1775114,80.03310502,0.493556837,2
446,727924,KELSO WB AP,WA,46.133,-122.9,303.9773973,61.65696347,0.493848226,0
447,724088,DOVER AFB,DE,39.133,-75.467,333.9680365,77.02100457,0.494881187,1
448,723560,TULSA INTERNATIONAL AIRPORT,OK,36.2,-95.883,345.4784247,73.45079909,0.496359388,2
449,724475,OLATHE JOHNSON CO INDUSTRIAL,KS,38.833,-94.883,335.1756849,60.94155251,0.496760175,1
450,723650,ALBUQUERQUE INTL ARPT [ISIS],NM,35.04,-106.62,349.8321918,77.80696347,0.499287914,2
451,725033,NEW YORK CENTRAL PRK OBS BELV,NY,40.783,-73.967,327.2019406,67.89760274,0.500164687,1
452,724230,LOUISVILLE STANDIFORD FIELD,KY,38.183,-85.733,337.7692922,76.9,0.500323204,1
453,725235,JAMESTOWN (AWOS),NY,42.15,-79.267,321.4439498,74.60821918,0.505208548,1
454,725315,UNIV OF ILLINOIS WI [BONDVILLE - SURFRAD],IL,40.06,-88.37,330.188242,67.04965753,0.506258989,1
455,723575,LAWTON MUNICIPAL,OK,34.567,-98.417,351.5821918,59.83664384,0.506268289,2
456,726945,CORVALLIS MUNI,OR,44.483,-123.283,311.3319635,58.63538813,0.507811113,0
457,724926,MODESTO CITY-COUNTY AP,CA,37.633,-120.95,339.9406393,58.2619863,0.508242462,1
458,723069,JACKSONVILLE (AWOS),NC,34.833,-77.617,350.6033105,67.78915525,0.508663502,2
459,745090,MOUNTAIN VIEW MOFFETT FLD NAS,CA,37.4,-122.05,340.8555936,60.09121005,0.508770404,2
460,723927,OXNARD AIRPORT,CA,34.2,-119.2,352.9259132,61.206621,0.508865092,2
461,727573,DEVILS LAKE(AWOS),ND,48.117,-98.917,294.9409817,56.42910959,0.510212189,0
462,726886,BAKER MUNICIPAL AP,OR,44.833,-117.817,309.7914384,50.75844749,0.511856421,0
463,725484,LE MARS,IA,42.783,-96.2,318.7396119,61.5739726,0.512349432,0
464,726384,CADILLAC WEXFORD CO AP,MI,44.283,-85.417,312.2178082,61.26552511,0.512526054,0
465,722930,SAN DIEGO MIRAMAR NAS,CA,32.867,-117.133,357.6960046,71.35684932,0.512630051,2
466,727455,HIBBING CHISHOLM-HIBBING AP,MN,47.383,-92.85,298.3082192,57.26518265,0.513980376,0
467,725453,ATLANTIC,IA,41.4,-95.05,324.616895,63.73812785,0.51423804,1
468,724338,BELLEVILLE SCOTT AFB,IL,38.55,-89.85,336.3114155,76.77408676,0.514959491,1
469,722348,HATTIESBURG LAUREL,MS,31.467,-89.333,362.5355023,71.50627854,0.515873412,2
470,724339,MARION REGIONAL,IL,37.75,-89.017,339.4778539,67.85422374,0.516814921,1
471,725127,JOHNSTOWN CAMBRIA COUNTY AP,PA,40.317,-78.833,329.1342466,66.78401826,0.516978086,1
472,726410,MADISON DANE CO REGIONAL ARPT [ISIS],WI,43.13,-89.33,317.238242,65.50011416,0.520287067,0
473,722687,CARLSBAD CAVERN CITY AIR TERM,NM,32.333,-104.267,359.5578767,53.95079909,0.521704233,2
474,722789,SCOTTSDALE MUNI,AZ,33.617,-111.917,355.0300228,50.42191781,0.521832194,2
475,724050,WASHINGTON DC REAGAN AP,VA,38.867,-77.033,335.0378995,80.30890411,0.523813474,1
476,727796,CUT BANK MUNI AP,MT,48.6,-112.367,292.7173516,49.31392694,0.524784506,0
477,722060,JACKSONVILLE INTL ARPT,FL,30.5,-81.7,365.7740868,87.00707763,0.525476801,2
478,727453,PARK RAPIDS MUNICIPAL AP,MN,46.9,-95.067,300.509589,57.05936073,0.525645069,0
479,727120,CARIBOU MUNICIPAL ARPT,ME,46.867,-68.033,300.6589041,55.69817352,0.526230345,0
480,726357,KALAMAZOO BATTLE CR,MI,42.233,-85.55,321.0886986,72.09315068,0.527117402,1
481,727790,KALISPELL GLACIER PK INT'L AR,MT,48.317,-114.25,294.0172374,55.04349315,0.527403646,0
482,722436,HOUSTON ELLINGTON AFB [CLEAR LAKE - UT],TX,29.57,-95.09,368.8097032,92.15079909,0.531349622,2
483,725210,AKRON AKRON-CANTON REG AP,OH,40.917,-81.433,326.6437215,75.64680365,0.531690118,1
484,726880,PENDLETON E OR REGIONAL AP,OR,45.7,-118.833,305.9284247,50.33789954,0.532746953,0
485,725040,BRIDGEPORT SIKORSKY MEMORIAL,CT,41.183,-73.15,325.5307078,64.26643836,0.534006129,1
486,722136,BRUNSWICK GOLDEN IS,GA,31.25,-81.467,363.271347,71.82260274,0.534244886,2
487,725205,PITTSBURGH ALLEGHENY CO AP,PA,40.35,-79.917,328.9940639,69.15262557,0.534977945,1
488,725847,SOUTH LAKE TAHOE,CA,38.9,-120.0,334.9092466,45.92773973,0.537518792,1
489,724917,SALINAS MUNICIPAL AP,CA,36.667,-121.6,343.689726,58.25159817,0.537553238,2
490,724386,LAFAYETTE PURDUE UNIV AP,IN,40.417,-86.933,328.7194064,66.66723744,0.537867034,1
491,724768,GREELEY/WELD (AWOS),CO,40.433,-104.633,328.6533105,49.22591324,0.538328316,1
492,726603,SOUTH ST PAUL MUNI,MN,44.85,-93.15,309.7119863,60.47374429,0.538491271,0
493,722977,SANTA ANA JOHN WAYNE AP,CA,33.683,-117.867,354.7973744,79.28344749,0.538847773,2
494,722180,AUGUSTA BUSH FIELD,GA,33.367,-81.967,355.9256849,72.57614155,0.539664201,2
495,722594,FORT WORTH ALLIANCE,TX,32.983,-97.317,357.2857306,73.89246575,0.540288845,2
496,724096,MCGUIRE AFB,NJ,40.017,-74.6,330.3664384,75.83607306,0.540758607,1
497,723510,WICHITA FALLS MUNICIPAL ARPT,TX,33.983,-98.5,353.7142694,74.39360731,0.541719648,2
498,723086,NEWPORT NEWS,VA,37.133,-76.5,341.8934932,67.34908676,0.54268448,2
499,723600,CLAYTON MUNICIPAL AIRPARK,NM,36.45,-103.15,344.5239726,52.51335616,0.543686021,2
500,725945,ARCATA AIRPORT,CA,40.983,-124.1,326.3690639,57.02283105,0.543745018,1
501,722405,LAFAYETTE REGIONAL AP,LA,30.2,-91.983,366.766895,76.76426941,0.544127254,2
502,726456,WITTMAN RGNL,WI,43.983,-88.55,313.5308219,59.6543379,0.544190976,0
503,722956,JACK NORTHROP FLD H,CA,33.917,-118.333,353.9490868,68.55057078,0.546385199,2
504,723046,DARE CO RGNL,NC,35.917,-75.7,346.556621,63.61894977,0.54652205,2
505,726545,MITCHELL (AWOS),SD,43.767,-98.033,314.4773973,58.07454338,0.546646823,0
506,726558,CLOQUET (AWOS),MN,46.7,-92.5,301.4158676,58.43938356,0.549003461,0
507,722056,DAYTONA BEACH INTL AP,FL,29.183,-81.067,370.0505708,84.49863014,0.555530998,2
508,726130,MOUNT WASHINGTON,NH,44.267,-71.3,312.2824201,62.4760274,0.555696724,0
509,726510,SIOUX FALLS FOSS FIELD,SD,43.583,-96.75,315.272032,65.41563927,0.556311189,0
510,723405,LITTLE ROCK AFB,AR,34.917,-92.15,350.2949772,76.95776256,0.557030086,2
511,722725,DEMING MUNI,NM,32.25,-107.717,359.8538813,47.70251142,0.559990766,2
512,726450,GREEN BAY AUSTIN STRAUBEL INT,WI,44.483,-88.133,311.3305936,59.51643836,0.560856311,0
513,723545,STILLWATER RGNL,OK,36.15,-97.083,345.6694064,63.15034247,0.561547432,2
514,724040,PATUXENT RIVER NAS,MD,38.3,-76.417,337.3058219,75.54189498,0.561618975,1
515,725440,MOLINE QUAD CITY INTL AP,IL,41.467,-90.517,324.3327626,65.1739726,0.561790011,1
516,724210,CINCINNATI NORTHERN KY AP,KY,39.05,-84.667,334.301484,73.70228311,0.562485416,1
517,724765,MONTROSE CO. ARPT,CO,38.5,-107.9,336.5071918,52.40673516,0.562939548,1
518,724235,LOUISVILLE BOWMAN FIELD,KY,38.233,-85.667,337.571347,70.19292237,0.563875281,1
519,726813,CALDWELL (AWOS),ID,43.633,-116.633,315.0585616,46.19748858,0.56513056,0
520,726986,PORTLAND/HILLSBORO,OR,45.533,-122.95,306.6719178,60.21381279,0.566257392,0
521,725395,JACKSON REYNOLDS FIELD,MI,42.267,-84.467,320.947032,65.33139269,0.56727273,1
522,745966,CAPE MAY CO,NJ,39.0,-74.917,334.5026256,64.90684932,0.567720221,1
523,726555,BRAINERD/WIELAND,MN,46.4,-94.133,302.7783105,58.11369863,0.568367211,0
524,725330,FORT WAYNE INTL AP,IN,41.0,-85.2,326.2920091,74.52785388,0.568881665,1
525,725115,MIDDLETOWN HARRISBURG INTL AP,PA,40.2,-76.767,329.6128995,68.46221461,0.568926002,1
526,725480,WATERLOO MUNICIPAL AP,IA,42.55,-92.4,319.7356164,63.7076484,0.571296066,0
527,724236,JACKSON JULIAN CARROLL AP,KY,37.583,-83.317,340.1323059,69.17214612,0.572524549,2
528,725488,OELWEN,IA,42.683,-91.967,319.1665525,64.16541096,0.572719994,0
529,747187,PALM SPRINGS THERMAL AP,CA,33.633,-116.167,354.9739726,47.80719178,0.576024301,2
530,726073,WATERVILLE (AWOS),ME,44.533,-69.683,311.1065068,53.17534247,0.576034405,0
531,725073,PROVINCETOWN (AWOS),MA,42.067,-70.217,321.7986301,64.85216895,0.577667794,1
532,726546,WATERTOWN MUNICIPAL AP,SD,44.933,-97.15,309.3452055,56.38196347,0.578010668,0
533,727676,MINOT FAA AP,ND,48.267,-101.283,294.2474886,55.99589041,0.57810104,0
534,726404,MINOCQUA/WOODRUFF,WI,45.933,-89.733,304.8789954,58.02260274,0.578541919,0
535,722350,JACKSON INTERNATIONAL AP,MS,32.317,-90.083,359.6184932,76.30844749,0.579207144,2
536,726515,BROOKINGS (AWOS),SD,44.3,-96.817,312.1390411,58.70148402,0.579951676,0
537,723530,OKLAHOMA CITY WILL ROGERS WOR,OK,35.383,-97.6,348.5651826,72.52385845,0.580296428,2
538,722285,GADSEN MUNI (AWOS),AL,33.967,-86.083,353.7694064,72.65856164,0.581189913,2
539,722735,DOUGLAS BISBEE-DOUGLAS INTL A,AZ,31.467,-109.6,362.538242,44.82910959,0.581792827,2
540,724517,GREAT BEND (AWOS),KS,38.35,-98.867,337.1106164,59.28573059,0.582418055,1
541,723810,EDWARDS AFB,CA,34.9,-117.867,350.3634703,59.67100457,0.582884818,2
542,723860,LAS VEGAS MCCARRAN INTL AP,NV,36.083,-115.15,345.9228311,67.71757991,0.584568998,2
543,723230,HUNTSVILLE INTL/JONES FIELD,AL,34.65,-86.783,351.2807078,79.8859589,0.584938133,2
544,723416,STUTTGART (AWOS),AR,34.6,-91.567,351.4635845,68.28995434,0.5858698,2
545,724815,MERCED/MACREADY FLD,CA,37.283,-120.517,341.3090183,59.96678082,0.58871308,2
546,723417,PINE BLUFF FAA AP,AR,34.167,-91.933,353.0461187,67.37134703,0.590022779,2
547,724105,STAUNTON/SHENANDOAH,VA,38.267,-78.9,337.4349315,66.71586758,0.590695414,1
548,726499,ESTHERVILLE MUNI,IA,43.4,-94.75,316.0722603,60.33527397,0.591131465,0
549,726400,MILWAUKEE MITCHELL INTL AP,WI,42.95,-87.9,318.0194064,73.66050228,0.597109266,0
550,727530,FARGO HECTOR INTERNATIONAL AP,ND,46.933,-96.817,300.3605023,55.99828767,0.598407299,0
551,727910,ASTORIA REGIONAL AIRPORT,OR,46.15,-123.883,303.9027397,58.59041096,0.600888219,0
552,722570,FORT HOOD,TX,31.133,-97.717,363.6666667,80.24269406,0.601290572,2
553,723150,ASHEVILLE REGIONAL ARPT,NC,35.433,-82.533,348.3726027,71.55445205,0.602117599,2
554,725846,TRUCKEE-TAHOE,CA,39.317,-120.133,333.2221461,65.27899543,0.602338859,1
555,724580,CONCORDIA BLOSSER MUNI AP,KS,39.55,-97.65,332.2761416,59.82100457,0.604378864,1
556,727474,EVELETH MUNI (AWOS),MN,47.4,-92.5,298.2288813,57.39589041,0.604723201,0
557,726550,ST CLOUD REGIONAL ARPT,MN,45.55,-94.05,306.5898402,59.96164384,0.605073953,0
558,722040,MELBOURNE REGIONAL AP,FL,28.117,-80.65,373.3889269,83.64326484,0.605134452,2
559,726196,MILLINOCKET MUNICIPAL AP,ME,45.65,-68.683,306.1506849,55.74349315,0.60633221,0
560,723403,LITTLE ROCK ADAMS FIELD,AR,34.75,-92.233,350.9130137,78.29920091,0.606531338,2
561,725565,COLUMBUS MUNI,NE,41.45,-97.333,324.4044521,62.81792237,0.6071561,1
562,724273,PARKERSBURG WOOD COUNTY AP,WV,39.35,-81.433,333.0869863,71.30376712,0.609913159,1
563,725525,HASTINGS MUNICIPAL,NE,40.6,-98.433,327.9599315,59.09805936,0.609961713,1
564,745980,LANGLEY AFB,VA,37.083,-76.35,342.0849315,79.36757991,0.610967238,2
565,722683,SIERRA BLANCA RGNL,NM,33.467,-105.533,355.5675799,48.91004566,0.611053205,2
566,722345,MERIDIAN NAAS,MS,32.55,-88.567,358.806621,83.1510274,0.612689801,2
567,725029,OXFORD (AWOS),CT,41.483,-73.133,324.2638128,66.37796804,0.612799734,1
568,727504,AITKIN NDB(AWOS),MN,46.55,-93.683,302.1019406,59.25011416,0.613794129,0
569,724373,TERRE HAUTE HULMAN REGIONAL A,IN,39.45,-87.3,332.6811644,66.79920091,0.614437667,1
570,724760,GRAND JUNCTION WALKER FIELD,CO,39.133,-108.533,333.9679224,56.37226027,0.615108068,1
571,725197,UTICA ONEIDA COUNTY AP,NY,43.15,-75.383,317.156621,62.41792237,0.615877646,0
572,724290,DAYTON INTERNATIONAL AIRPORT,OH,39.9,-84.217,330.8504566,69.79965753,0.617068571,1
573,725130,WILKES-BARRE SCRANTON INTL AP,PA,41.333,-75.733,324.9005708,69.41484018,0.617071607,1
574,722390,FORT POLK AAF,LA,31.05,-93.183,363.9441781,84.47431507,0.620394418,2
575,723540,OKLAHOMA CITY TINKER AFB,OK,35.417,-97.383,348.4380137,76.0489726,0.623971456,2
576,727476,BAUDETTE INTERNATIONAL AP,MN,48.717,-94.6,292.1679224,56.23093607,0.624168421,0
577,723445,FAYETTEVILLE DRAKE FIELD,AR,36.0,-94.167,346.2392694,64.86210046,0.626075149,2
578,722927,CARLSBAD/PALOMAR,CA,33.133,-117.283,356.7593607,65.73321918,0.626734509,2
579,725660,SCOTTSBLUFF W B HEILIG FIELD,NE,41.867,-103.6,322.6487443,51.57020548,0.630912207,1
580,724084,BELMAR ASC,NJ,40.183,-74.067,329.6873288,66.25079909,0.63121653,1
581,725780,POCATELLO REGIONAL AP,ID,42.917,-112.567,318.1555936,59.54954338,0.631370297,0
582,722526,COTULLA FAA AP,TX,28.45,-99.217,372.353653,71.51369863,0.634975069,2
583,724010,RICHMOND INTERNATIONAL AP,VA,37.517,-77.317,340.3986301,79.21940639,0.635348752,2
584,723346,JACKSON MCKELLAR-SIPES REGL A,TN,35.6,-88.917,347.7458904,68.62363014,0.636000477,2
585,726567,NEW ULM MUNI (AWOS),MN,44.317,-94.5,312.061758,61.57945205,0.637553845,0
586,726904,ROSEBURG REGIONAL AP,OR,43.233,-123.35,316.7961187,55.80593607,0.63819987,0
587,726498,FAIR FIELD,IA,41.05,-91.983,326.0849315,65.28915525,0.63840007,1
588,724830,SACRAMENTO EXECUTIVE ARPT,CA,38.5,-121.5,336.5084475,57.00810502,0.645557923,1
589,722710,TRUTH OR CONSEQUENCES MUNI AP,NM,33.233,-107.267,356.4045662,45.55684932,0.646108522,2
590,726959,AURORA STATE,OR,45.25,-122.767,307.9321918,58.45559361,0.646933295,0
591,723145,HICKORY REGIONAL AP,NC,35.733,-81.383,347.2476027,67.66575342,0.648490382,2
592,727923,HOQUIAM AP,WA,46.983,-123.933,300.1347032,56.36130137,0.651228169,0
593,699604,YUMA MCAS,AZ,32.65,-114.617,358.4577626,67.49098174,0.651688529,2
594,723566,MCALESTER MUNICIPAL AP,OK,34.9,-95.783,350.3573059,62.94360731,0.653491687,2
595,727686,WOLF POINT INTL [FORT PECK - SURFRAD],MT,48.31,-105.1,294.0510274,50.1890411,0.654686893,0
596,725830,WINNEMUCCA MUNICIPAL ARPT,NV,40.9,-117.8,326.7140411,50.65376712,0.655239262,1
597,742070,GRAY AAF,WA,47.083,-122.583,299.6760274,68.88789954,0.657739975,0
598,724354,SOMERSET(AWOS),KY,38.0,-84.6,338.4949772,71.25490868,0.657759266,1
599,722175,WARNER ROBINS AFB,GA,32.633,-83.6,358.5205479,84.54429224,0.657780987,2
600,722904,CHULA VISTA BROWN FIELD NAAS,CA,32.583,-116.983,358.697032,60.5053653,0.657995468,2
601,722070,SAVANNAH INTL AP,GA,32.117,-81.2,360.3107306,77.38059361,0.658171705,2
602,727340,SAULT STE MARIE SANDERSON FIE,MI,46.467,-84.35,302.4696347,54.78995434,0.658387311,0
603,725486,BOONE MUNI,IA,42.05,-93.85,321.8738584,62.14155251,0.658665072,1
604,746710,FORT CAMPBELL AAF,KY,36.667,-87.483,343.6898402,81.23436073,0.660762257,2
605,722146,GAINESVILLE REGIONAL AP,FL,29.7,-82.283,368.3884703,77.00696347,0.661150437,2
606,722885,SANTA MONICA MUNI,CA,34.017,-118.45,353.5886986,63.28378995,0.662523691,2
607,724286,ZANESVILLE MUNICIPAL AP,OH,39.95,-81.9,330.6430365,69.53378995,0.66385057,1
608,723407,JONESBORO MUNI,AR,35.833,-90.65,346.8714612,70.38812785,0.66385567,2
609,726797,BOZEMAN GALLATIN FIELD,MT,45.8,-111.15,305.4799087,54.97773973,0.66447485,0
610,724454,FARMINGTON,MO,37.767,-90.4,339.4130137,63.06141553,0.66481916,1
611,722286,TUSCALOOSA MUNICIPAL AP,AL,33.217,-87.617,356.4533105,72.89783105,0.666556175,2
612,725476,DECORAH,IA,43.283,-91.733,316.576484,64.03847032,0.668913576,0
613,724288,OHIO STATE UNIVERSI,OH,40.067,-83.067,330.1591324,69.19052511,0.669285903,1
614,724080,PHILADELPHIA INTERNATIONAL AP,PA,39.867,-75.233,330.9803653,75.09417808,0.669943273,1
615,726585,MANKATO(AWOS),MN,44.217,-93.917,312.5035388,61.11232877,0.673957782,0
616,723083,FRANKLIN NAAS,VA,36.7,-76.9,343.5623288,70.49851598,0.674530399,2
617,724075,MILLVILLE MUNICIPAL AP,NJ,39.367,-75.083,333.0203196,67.52694064,0.674583187,1
618,725088,BEVERLY MUNI,MA,42.583,-70.917,319.5932648,61.20034247,0.676629535,0
619,723815,DAGGETT BARSTOW-DAGGETT AP,CA,34.85,-116.8,350.5405251,42.20844749,0.676674237,2
620,726560,FERGUS FALLS(AWOS),MN,46.283,-96.15,303.301484,59.0716895,0.676758255,0
621,724140,CHARLESTON YEAGER ARPT,WV,38.383,-81.583,336.9754566,79.01769406,0.676828505,1
622,727535,JAMESTOWN MUNICIPAL ARPT,ND,46.917,-98.683,300.4384703,56.15924658,0.677064809,0
623,723415,MEMORIAL FLD,AR,34.467,-93.1,351.9501142,67.84771689,0.678218778,2
624,726350,GRAND RAPIDS KENT COUNTY INT',MI,42.883,-85.517,318.308105,72.85582192,0.679380904,0
625,726547,GLENWOOD (ASOS),MN,45.65,-95.317,306.1527397,59.42636986,0.679635522,0
626,747810,MOODY AFB/VALDOSTA,GA,30.967,-83.2,364.2219178,88.17808219,0.680016822,2
627,747750,TYNDALL AFB,FL,30.067,-85.583,367.2018265,87.18025114,0.681559555,2
628,722039,FORT LAUDERDALE,FL,26.2,-80.167,379.1103881,87.70353881,0.683014547,2
629,724400,SPRINGFIELD REGIONAL ARPT,MO,37.233,-93.383,341.5020548,63.64417808,0.684997202,2
630,726566,PIPESTONE (AWOS),MN,43.983,-96.317,313.5336758,59.45707763,0.685024056,0
631,723418,TEXARKANA WEBB FIELD,AR,33.45,-94.0,355.6284247,69.74018265,0.685736693,2
632,723965,PASO ROBLES MUNICIPAL ARPT,CA,35.667,-120.633,347.4916667,52.40525114,0.687667258,2
633,722520,LAREDO INTL AP [UT],TX,27.57,-99.49,375.0539954,65.45673516,0.687745047,2
634,727344,CHIPPEWA CO INTL,MI,46.25,-84.467,303.4560502,57.00034247,0.688443027,0
635,727452,CROOKSTON MUNI FLD,MN,47.85,-96.617,296.168379,56.82899543,0.688736082,0
636,725650,DENVER INTL AP,CO,39.833,-104.65,331.1150685,75.28789954,0.690514502,1
637,725958,ALTURAS,CA,41.5,-120.533,324.1995434,51.28664384,0.691998211,1
638,723489,CAPE GIRARDEAU MUNICIPAL AP,MO,37.233,-89.567,341.5012557,65.48082192,0.693624775,2
639,724838,YUBA CO,CA,39.1,-121.567,334.1058219,55.38116438,0.694566205,1
640,727675,MINOT AFB,ND,48.417,-101.35,293.5560502,67.35479452,0.694859824,0
641,725560,NORFOLK KARL STEFAN MEM ARPT,NE,41.983,-97.433,322.1558219,59.54828767,0.695334296,1
642,725845,BLUE CANYON AP,CA,39.3,-120.717,333.2944064,48.65684932,0.701333089,1
643,727857,PULLMAN/MOSCOW RGNL,WA,46.75,-117.117,301.1921233,49.16426941,0.702406754,0
644,722016,MARATHON AIRPORT,FL,24.733,-81.05,383.2400685,76.13321918,0.703036533,2
645,722110,TAMPA INTERNATIONAL AP,FL,27.967,-82.533,373.8488584,90.03949772,0.703609891,2
646,723035,FAYETTEVILLE RGNL G,NC,34.983,-78.883,350.0503425,68.77488584,0.704016083,2
647,727830,LEWISTON NEZ PERCE CNTY AP,ID,46.367,-117.017,302.9259132,50.40228311,0.704049951,0
648,725350,SOUTH BEND MICHIANA RGNL AP,IN,41.7,-86.333,323.3553653,70.66894977,0.704216303,1
649,724030,WASHINGTON DC DULLES INT'L AR [STERLING - ISIS],VA,38.98,-77.47,334.5828767,76.73287671,0.705427926,1
650,743700,FORT DRUM/WHEELER-S,NY,44.05,-75.717,313.2359589,71.00022831,0.705907221,0
651,723700,KINGMAN (AMOS),AZ,35.267,-113.95,348.9981735,45.53995434,0.706706864,2
652,725190,SYRACUSE HANCOCK INT'L ARPT,NY,43.117,-76.1,317.2952055,72.1140411,0.706835086,0
653,727445,IRONWOOD (AWOS),MI,46.533,-90.133,302.1762557,58.55707763,0.70733857,0
654,746943,ELIZABETH CITY COAST GUARD AI [NREL],NC,36.3,-76.25,345.0966895,63.83789954,0.707864299,2
655,722116,ST PETERSBURG CLEAR,FL,27.9,-82.683,374.0501142,75.78401826,0.70916007,2
656,722785,LUKE AFB,AZ,33.55,-112.367,355.2715753,67.8869863,0.70958403,2
657,724365,HUNTINGBURG,IN,38.25,-86.95,337.5038813,68.31552511,0.710514118,1
658,727845,PASCO,WA,46.267,-119.117,303.3778539,47.3053653,0.711981116,0
659,727473,CRANE LAKE (AWOS),MN,46.267,-92.567,303.3746575,64.02614155,0.712105278,0
660,724500,WICHITA MID-CONTINENT AP,KS,37.65,-97.433,339.8762557,69.93116438,0.713324451,1
661,724297,CINCINNATI MUNICIPAL AP LUNKI,OH,39.1,-84.417,334.0992009,67.58869863,0.715578629,1
662,725464,NEWTON MUNI,IA,41.683,-93.017,323.4270548,64.88344749,0.715808541,1
663,726583,LITCHFIELD MUNI,MN,45.1,-94.5,308.6007991,60.3152968,0.716136514,0
664,724450,COLUMBIA REGIONAL AIRPORT,MO,38.817,-92.217,335.2396119,66.56655251,0.717503753,1
665,724936,CONCORD CONCORD-BUCHANAN FIEL,CA,38.0,-122.05,338.4978311,60.82785388,0.717588689,1
666,722053,ORLANDO EXECUTIVE AP,FL,28.55,-81.333,372.0452055,79.12283105,0.721596689,2
667,727033,HOULTON INTL ARPT,ME,46.117,-67.8,304.0505708,55.86906393,0.722985868,0
668,723075,OCEANA NAS,VA,36.817,-76.033,343.1146119,77.24372146,0.724797109,2
669,725533,FALLS CITY/BRENNER,NE,40.083,-95.6,330.0952055,62.31369863,0.725752084,1
670,725086,DANBURY MUNICIPAL,CT,41.367,-73.483,324.7527397,66.03070776,0.726827486,1
671,726064,SANFORD MUNI (AWOS),ME,43.4,-70.717,316.0702055,52.843379,0.727337235,0
672,745985,MARTINSVILLE,VA,36.633,-80.017,343.8227169,64.66415525,0.729210227,2
673,725250,YOUNGSTOWN REGIONAL AIRPORT,OH,41.25,-80.667,325.2480594,75.31815068,0.729399477,1
674,727645,DICKINSON MUNICIPAL AP,ND,46.8,-102.8,300.9665525,53.97226027,0.732471272,0
675,727826,EPHRATA AP FCWOS,WA,47.3,-119.517,298.6855023,48.65776256,0.733141264,0
676,724016,CHARLOTTESVILLE FAA,VA,38.133,-78.45,337.9670091,70.87020548,0.733260428,1
677,725540,BELLEVUE OFFUTT AFB,NE,41.117,-95.917,325.8075342,73.00273973,0.734082296,1
678,722235,MOBILE DOWNTOWN AP,AL,30.633,-88.067,365.3363014,81.6533105,0.734358329,2
679,724677,GUNNISON CO. (AWOS),CO,38.533,-106.933,336.380137,48.49623288,0.734508671,1
680,722260,MONTGOMERY DANNELLY FIELD,AL,32.3,-86.4,359.6761416,77.99474886,0.735959299,2
681,726115,SPRINGFIELD/HARTNES,VT,43.35,-72.517,316.2872146,62.04212329,0.736614247,0
682,726227,WATERTOWN AP,NY,44.0,-76.017,313.452968,58.88961187,0.736861408,0
683,726865,SALMON/LEMHI (AWOS),ID,45.117,-113.883,308.5275114,53.9413242,0.737230776,0
684,725564,FREMONT MUNI ARPT,NE,41.45,-96.517,324.40879,62.74851598,0.737356502,1
685,725645,LARAMIE GENERAL BREES FIELD,WY,41.317,-105.683,324.9676941,49.55342466,0.740512975,1
686,724915,MONTEREY NAF,CA,36.6,-121.867,343.9503425,59.62214612,0.741431914,2
687,722210,VALPARAISO ELGIN AFB,FL,30.483,-86.517,365.8343607,88.28949772,0.741666807,2
688,724335,MOUNT VERNON (AWOS),IL,38.317,-88.867,337.2344749,66.22351598,0.742585974,1
689,726587,WORTHINGTON (AWOS),MN,43.65,-95.583,314.9825342,61.64041096,0.745572579,0
690,724127,LEWISBURG/GREENBRIE,WV,37.867,-80.4,339.0181507,68.84063927,0.74683623,1
691,725775,EVANSTON/BURNS FLD,WY,41.283,-111.033,325.1089041,45.14497717,0.746949147,1
692,722487,ALEXANDRIA ESLER REGIONAL AP,LA,31.4,-92.3,362.7649543,72.32671233,0.746988944,2
693,723604,CHILDRESS MUNICIPAL AP,TX,34.433,-100.283,352.0711187,58.0760274,0.749211205,2
694,725037,WHITE PLAINS WESTCHESTER CO A,NY,41.067,-73.717,326.0165525,73.63641553,0.749378166,1
695,725510,LINCOLN MUNICIPAL ARPT,NE,40.833,-96.767,326.9957763,61.65559361,0.750165484,1
696,726700,CODY MUNI (AWOS),WY,44.517,-109.017,311.1817352,51.10068493,0.751308269,0
697,722029,MIAMI/KENDALL-TAMIA,FL,25.65,-80.433,380.6840183,89.87945205,0.753594022,2
698,726468,PHILLIPS/PRICE CO.,WI,45.7,-90.4,305.9262557,57.90308219,0.754901905,0
699,722886,VAN NUYS AIRPORT,CA,34.217,-118.483,352.8650685,69.91541096,0.759331828,2
700,725724,PROVO MUNI (AWOS),UT,40.217,-111.717,329.5430365,49.42579909,0.760225245,1
701,724089,WILMINGTON NEW CASTLE CNTY AP,DE,39.667,-75.6,331.7976027,66.73949772,0.761486468,1
702,724955,NAPA CO. AIRPORT,CA,38.217,-122.283,337.6341324,65.50605023,0.763072574,1
703,722784,DEER VALLEY/PHOENIX,AZ,33.683,-112.083,354.7941781,46.82945205,0.765410523,2
704,726810,BOISE AIR TERMINAL [UO],ID,43.62,-116.21,315.1152968,45.99406393,0.765529102,0
705,723406,WALNUT RIDGE (AWOS),AR,36.133,-90.917,345.7334475,68.88687215,0.767708325,2
706,725910,RED BLUFF MUNICIPAL ARPT,CA,40.15,-122.25,329.8218037,51.14417808,0.767887484,1
707,726385,MANISTEE (AWOS),MI,44.267,-86.25,312.2800228,60.58527397,0.769409937,0
708,722900,SAN DIEGO LINDBERGH FIELD,CA,32.733,-117.167,358.1721461,77.38892694,0.769697247,2
709,725470,DUBUQUE REGIONAL AP,IA,42.4,-90.7,320.3784247,63.64988584,0.770124577,1
710,724920,STOCKTON METROPOLITAN ARPT,CA,37.9,-121.233,338.8893836,56.9890411,0.770753826,1
711,724058,ABINGTON,VA,36.683,-82.033,343.6292237,74.45833333,0.774028105,2
712,722400,LAKE CHARLES REGIONAL ARPT,LA,30.117,-93.233,367.0347032,74.68561644,0.774734664,2
713,724650,GOODLAND RENNER FIELD,KS,39.367,-101.7,333.0186073,55.60559361,0.775881246,1
714,726050,CONCORD MUNICIPAL ARPT,NH,43.2,-71.5,316.9376712,61.63641553,0.77943836,0
715,727503,CAMBRIDGE MUNI,MN,45.567,-93.267,306.5247717,61.21974886,0.779891453,0
716,747540,ENGLAND AFB,LA,31.317,-92.55,363.0402968,71.89315068,0.779960238,2
717,745940,ANDREWS AFB,MD,38.817,-76.867,335.2364155,79.38184932,0.782207626,1
718,726355,BENTON HARBOR/ROSS,MI,42.133,-86.433,321.5148402,65.79805936,0.782530781,1
719,723106,FLORENCE REGIONAL AP,SC,34.183,-79.733,352.9855023,69.42328767,0.784873293,2
720,722357,NATCHEZ/HARDY(AWOS),MS,31.617,-91.3,362.0303653,72.33527397,0.785285937,2
721,725955,MONTAGUE SISKIYOU COUNTY AP,CA,41.783,-122.467,323.0071918,49.06940639,0.78584027,1
722,725185,GLENS FALLS AP,NY,43.35,-73.617,316.2873288,63.74920091,0.785959751,0
723,724927,LIVERMORE MUNICIPAL,CA,37.7,-121.817,339.6781963,60.71929224,0.787126153,1
724,722680,ROSWELL INDUSTRIAL AIR PARK,NM,33.3,-104.533,356.164726,54.42545662,0.787534436,2
725,722108,SOUTHWEST FLORIDA I,FL,26.533,-81.75,378.1393836,84.07180365,0.788584683,2
726,725485,MASON CITY MUNICIPAL ARPT,IA,43.15,-93.333,317.1565068,61.78835616,0.789757952,0
727,727556,SILVER BAY,MN,47.2,-91.4,299.1465753,57.343379,0.793861885,0
728,723550,FORT SILL POST FIELD AF,OK,34.65,-98.4,351.278653,76.77408676,0.794008744,2
729,725150,BINGHAMTON EDWIN A LINK FIELD,NY,42.2,-75.983,321.2319635,65.19257991,0.796725051,1
730,724275,WHEELING OHIO COUNTY AP,WV,40.183,-80.65,329.6868721,67.69360731,0.796727179,1
731,725126,ALTOONA BLAIR CO ARPT,PA,40.3,-78.317,329.2026256,70.79474886,0.798444869,1
732,722950,LOS ANGELES INTL ARPT,CA,33.933,-118.4,353.8916667,80.71849315,0.799086174,2
733,725090,BOSTON LOGAN INT'L ARPT,MA,42.367,-71.017,320.5167808,67.84931507,0.7990902,1
734,725267,FRANKLIN,PA,41.383,-79.867,324.6925799,65.54429224,0.801352701,1
735,726083,NORTHERN AROOSTOOK,ME,47.283,-68.317,298.7667808,55.89086758,0.803626236,0
736,723085,NORFOLK NAS,VA,36.95,-76.283,342.5988584,78.10342466,0.804913876,2
737,724106,DANVILLE FAA AP,VA,36.567,-79.333,344.0727169,70.14200913,0.80594331,2
738,727850,SPOKANE INTERNATIONAL AP [CHENEY - UO],WA,47.49,-117.589,297.8208904,68.92888128,0.806234561,0
739,724085,PHILADELPHIA NE PHILADELPHIA,PA,40.083,-75.017,330.098516,67.4119863,0.808319462,1
740,724666,DENVER/CENTENNIAL [GOLDEN - NREL],CO,39.742,-105.179,331.490411,76.7173516,0.808606338,1
741,726584,ST PAUL DOWNTOWN AP,MN,44.933,-93.05,309.340411,67.71769406,0.80947091,0
742,725060,OTIS ANGB,MA,41.65,-70.517,323.5658676,70.25239726,0.811141097,1
743,724507,CHANUTE MARTIN JOHNSON AP,KS,37.667,-95.483,339.8065068,62.85913242,0.812445333,1
744,725335,GRISSOM ARB,IN,40.65,-86.15,327.7490868,80.40194064,0.813676118,1
745,725690,CASPER NATRONA CO INTL AP,WY,42.9,-106.467,318.2339041,51.67819635,0.815358853,0
746,723783,GRAND CANYON NATL P,AZ,35.95,-112.15,346.4285388,48.71792237,0.818599905,2
747,722576,ROBERT GRAY AAF,TX,31.067,-97.833,363.8856164,79.16392694,0.819639319,2
748,722255,COLUMBUS METROPOLITAN ARPT,GA,32.517,-84.95,358.9234018,73.79600457,0.82018742,2
749,723265,CROSSVILLE MEMORIAL AP,TN,35.95,-85.083,346.4307078,71.57191781,0.820558404,2
750,722026,HOMESTEAD AFB,FL,25.483,-80.383,381.1560502,94.08127854,0.821039376,2
751,743945,MANCHESTER AIRPORT,NH,42.933,-71.433,318.0938356,61.20388128,0.821540208,0
752,746716,BOWLING GREEN WARREN CO AP,KY,36.983,-86.433,342.4716895,69.03584475,0.821811176,2
753,723895,PORTERVILLE (AWOS),CA,36.033,-119.067,346.1144977,57.39748858,0.823255643,2
754,723925,SANTA BARBARA MUNICIPAL AP,CA,34.433,-119.85,352.073516,63.71678082,0.825242169,2
755,725640,CHEYENNE MUNICIPAL ARPT,WY,41.15,-104.8,325.6682648,53.57157534,0.82661172,1
756,726625,ELLSWORTH AFB,SD,44.15,-103.1,312.8010274,68.86381279,0.826696355,0
757,723723,PRESCOTT LOVE FIELD,AZ,34.65,-112.417,351.2765982,50.4859589,0.826716111,2
758,726830,BURNS MUNICIPAL ARPT [UO],OR,43.52,-119.02,315.5494292,50.95502283,0.828239235,0
759,725566,O`NEILL/BAKER FIELD,NE,42.467,-98.683,320.0930365,58.56929224,0.828839678,1
760,725456,KEOKUK MUNI,IA,40.467,-91.433,328.5094749,65.84360731,0.829402469,1
761,722435,HOUSTON WILLIAM P HOBBY AP,TX,29.65,-95.283,368.5521689,88.31712329,0.829953054,2
762,724455,KIRKSVILLE REGIONAL AP,MO,40.1,-92.55,330.023516,62.79006849,0.830028461,1
763,724113,VIRGINIA TECH ARPT,VA,37.217,-80.417,341.5638128,78.44155251,0.831307814,2
764,724860,ELY YELLAND FIELD,NV,39.3,-114.85,333.2936073,46.70479452,0.831417921,1
765,724460,KANSAS CITY INT'L ARPT,MO,39.3,-94.717,333.2938356,70.62454338,0.83143587,1
766,723755,FLAGSTAFF PULLIAM ARPT,AZ,35.133,-111.667,349.4966895,0.0,0.831930505,2
767,725495,SHELDON,IA,43.217,-95.833,316.8649543,68.25730594,0.833545878,0
768,747686,KEESLER AFB,MS,30.417,-88.917,366.0492009,87.97945205,0.833606181,2
769,727575,GRAND FORKS AF,ND,47.967,-97.4,295.634589,68.02020548,0.834294441,0
770,726940,SALEM MCNARY FIELD,OR,44.9,-123.0,309.4868721,59.65742009,0.834960459,0
771,725497,COUNCIL BLUFFS,IA,41.267,-95.767,325.1777397,64.92271689,0.835000997,1
772,725905,UKIAH MUNICIPAL AP,CA,39.133,-123.2,333.9707763,53.52762557,0.835211046,1
773,724035,QUANTICO MCAS,VA,38.5,-77.3,336.5075342,77.0609589,0.835717121,1
774,723627,GALLUP SEN CLARKE FLD,NM,35.517,-108.783,348.0615297,50.21883562,0.836560098,2
775,726379,SAGINAW TRI CITY INTL AP,MI,43.533,-84.083,315.4956621,62.27773973,0.837070677,0
776,722020,MIAMI INTL AP,FL,25.817,-80.3,380.2130137,96.26712329,0.837250806,2
777,723805,NEEDLES AIRPORT,CA,34.767,-114.617,350.8515982,45.01107306,0.839306368,2
778,725810,WENDOVER USAF AUXILIARY FIELD,UT,40.717,-114.033,327.4754566,49.66575342,0.839424407,1
779,722030,WEST PALM BEACH INTL ARPT,FL,26.683,-80.1,377.7015982,93.56472603,0.840584472,2
780,723065,PITT GREENVILLE ARP,NC,35.633,-77.4,347.6223744,69.03493151,0.840898073,2
781,725715,HAYDEN/YAMPA (AWOS),CO,40.483,-107.217,328.4450913,48.975,0.841980315,1
782,726440,ROCHESTER INTERNATIONAL ARPT,MN,43.9,-92.5,313.8929224,61.493379,0.842964798,0
783,725489,ORANGE CITY,IA,42.983,-96.067,317.8745434,61.18333333,0.843116968,0
784,723090,CHERRY POINT MCAS,NC,34.9,-76.883,350.3552511,80.93515982,0.843156627,2
785,725080,HARTFORD BRADLEY INTL AP,CT,41.933,-72.683,322.366895,73.85730594,0.843218425,1
786,723200,ROME R B RUSSELL AP,GA,34.35,-85.167,352.3789954,71.51780822,0.843584397,2
787,726540,HURON REGIONAL ARPT,SD,44.4,-98.217,311.6993151,56.72363014,0.843648507,0
788,723820,PALMDALE AIRPORT,CA,34.633,-118.083,351.3398402,44.89840183,0.844742987,2
789,726077,BAR HARBOR (AWOS),ME,44.45,-68.367,311.4789954,51.10833333,0.844801125,0
790,726544,ORR,MN,48.017,-92.867,295.4035388,56.73196347,0.845821397,0
791,726665,WORLAND MUNICIPAL,WY,43.967,-107.95,313.5984018,44.18047945,0.846281998,0
792,724516,LIBERAL MUNI,KS,37.033,-100.967,342.2803653,54.41940639,0.850878674,2
793,722895,LOMPOC (AWOS),CA,34.667,-120.467,351.2180365,56.21015982,0.852711337,2
794,722287,ANNISTON METROPOLITAN AP,AL,33.583,-85.85,355.1531963,73.64349315,0.853048059,2
795,723434,SPRINGDALE MUNI,AR,36.183,-94.117,345.5458904,71.25251142,0.854375899,2
796,725098,NORWOOD MEMORIAL,MA,42.183,-71.183,321.3049087,63.00810502,0.855451077,1
797,727640,BISMARCK MUNICIPAL ARPT [ISIS],ND,46.77,-100.77,301.1013699,56.76655251,0.855659332,0
798,723910,POINT MUGU NF,CA,34.117,-119.117,353.2243151,74.03869863,0.856271268,2
799,722536,RANDOLPH AFB,TX,29.533,-98.283,368.9275114,84.89509132,0.857195573,2
800,722196,DEKALB PEACHTREE,GA,33.867,-84.3,354.1341324,70.54006849,0.85726569,2
801,726676,GLENDIVE(AWOS),MT,47.133,-104.8,299.4480594,53.96986301,0.858790161,0
802,727834,COEUR D`ALENE(AWOS),ID,47.767,-116.817,296.5523973,49.22009132,0.858918812,0
803,723320,TUPELO C D LEMONS ARPT,MS,34.267,-88.767,352.6788813,67.99417808,0.859454037,2
804,722860,MARCH AFB,CA,33.9,-117.25,354.0118721,71.24954338,0.863583676,2
805,726580,MINNEAPOLIS-ST PAUL INT'L ARP,MN,44.883,-93.233,309.5643836,67.21598174,0.864092581,0
806,723419,EL DORADO GOODWIN FIELD,AR,33.217,-92.817,356.4592466,72.14623288,0.866484289,2
807,725700,CRAIG-MOFFAT,CO,40.5,-107.533,328.3762557,53.65262557,0.86782077,1
808,724698,AKRON WASHINGTON CO AP,CO,40.167,-103.233,329.7510274,54.23926941,0.867825147,1
809,727505,FOSSTON(AWOS),MN,47.583,-95.767,297.3950913,57.17682648,0.869690215,0
810,726416,LONE ROCK FAA AP,WI,43.2,-90.183,316.9396119,64.09509132,0.869745612,0
811,725140,WILLIAMSPORT REGIONAL AP,PA,41.25,-76.917,325.2480594,70.48059361,0.869927816,1
812,722636,DALHART MUNICIPAL AP,TX,36.017,-102.55,346.1724886,51.73321918,0.871766491,2
813,724510,DODGE CITY REGIONAL AP,KS,37.767,-99.967,339.4076484,52.57385845,0.871960406,1
814,725526,KEARNEY MUNI (AWOS),NE,40.733,-99.0,327.4077626,56.74942922,0.872018044,1
815,722499,NACOGDOCHES (AWOS),TX,31.583,-94.717,362.1440639,66.82888128,0.875657997,2
816,722660,ABILENE REGIONAL AP [UT],TX,32.47,-99.71,359.0842466,58.71986301,0.878531874,2
817,724754,SAINT GEORGE (AWOS),UT,37.083,-113.6,342.0900685,43.37579909,0.878721476,2
818,725670,VALENTINE MILLER FIELD,NE,42.867,-100.55,318.3785388,54.83824201,0.879699534,0
819,727810,YAKIMA AIR TERMINAL,WA,46.567,-120.55,302.0228311,53.05068493,0.879866412,0
820,722265,MAXWELL AFB,AL,32.383,-86.35,359.389726,84.14908676,0.879985618,2
821,726415,JANESVILLE/ROCK CO.,WI,42.617,-89.033,319.4456621,74.79543379,0.880968561,0
822,722897,SAN LUIS CO RGNL,CA,35.233,-120.633,349.1192922,55.75228311,0.881375554,2
823,726579,FLYING CLOUD,MN,44.817,-93.45,309.8575342,67.17351598,0.883460443,0
824,747188,BLYTHE RIVERSIDE CO ARPT,CA,33.617,-114.717,355.0343607,45.70057078,0.88562815,2
825,725087,HARTFORD BRAINARD FD,CT,41.733,-72.65,323.21621,66.81952055,0.885899787,1
826,725145,MONTICELLO(AWOS),NY,41.7,-74.8,323.3507991,66.83664384,0.889845218,1
827,723193,WINSTON-SALEM REYNOLDS AP,NC,36.133,-80.217,345.7375571,69.81575342,0.890918704,2
828,724795,DELTA,UT,39.333,-112.583,333.1614155,79.04714612,0.892154994,1
829,726184,AUBURN-LEWISTON,ME,44.05,-70.283,313.2390411,54.02739726,0.89267455,0
830,724086,WILLOW GROVE NAS,PA,40.2,-75.15,329.6133562,74.26278539,0.89286284,1
831,725720,SALT LAKE CITY INT'L ARPT [ISIS],UT,40.77,-111.97,327.258105,77.76746575,0.892891029,1
832,727937,SNOHOMISH CO,WA,47.9,-122.283,295.9378995,55.17420091,0.904207255,0
833,726465,MOSINEE/CENTRAL WI,WI,44.783,-89.667,310.0097032,59.91118721,0.906788357,0
834,724336,SOUTHERN ILLINOIS,IL,37.767,-89.25,339.4142694,66.55707763,0.907694312,1
835,723495,JOPLIN MUNICIPAL AP,MO,37.15,-94.5,341.8245434,64.46038813,0.907918256,2
836,725280,BUFFALO NIAGARA INTL AP,NY,42.933,-78.733,318.0863014,72.99783105,0.910260626,0
837,724468,OLATHE/JOHNSON CO.,KS,38.85,-94.733,335.1090183,61.21552511,0.912224679,1
838,722140,TALLAHASSEE REGIONAL AP [ISIS],FL,30.38,-84.37,366.1721461,85.68070776,0.912301933,2
839,727970,QUILLAYUTE STATE AIRPORT,WA,47.933,-124.567,295.7890411,55.38333333,0.916425483,0
840,724017,FARMVILLE,VA,37.35,-78.433,341.0468037,69.00684932,0.916587989,2
841,722215,CRESTVIEW BOB SIKES AP,FL,30.783,-86.517,364.8373288,76.00216895,0.91679948,2
842,723443,SILOAM SPRING(AWOS),AR,36.183,-94.483,345.5424658,63.42522831,0.917992794,2
843,724635,LA JUNTA MUNICIPAL AP,CO,38.05,-103.533,338.2982877,51.67591324,0.92032643,1
844,725867,BURLEY MUNICIPAL ARPT,ID,42.533,-113.767,319.8107306,48.72226027,0.92121956,0
845,747185,IMPERIAL,CA,32.833,-115.583,357.8181507,46.99634703,0.922607884,2
846,724107,HILLSVILLE,VA,36.767,-80.817,343.3091324,62.68527397,0.924425464,2
847,724620,ALAMOSA SAN LUIS VALLEY RGNL,CO,37.433,-105.867,340.7206621,42.72031963,0.925376622,2
848,722057,ORLANDO SANFORD AIRPORT,FL,28.783,-81.25,371.3126712,77.17488584,0.927528566,2
849,724340,ST LOUIS LAMBERT INT'L ARPT,MO,38.75,-90.367,335.509589,74.50742009,0.927676946,1
850,722530,SAN ANTONIO INTL AP,TX,29.533,-98.467,368.9313927,81.70730594,0.929543584,2
851,690190,ABILENE DYESS AFB,TX,32.433,-99.85,359.2138128,70.131621,0.93135332,2
852,722588,GREENVILLE/MAJORS,TX,33.067,-96.067,356.99121,64.96495434,0.932220801,2
853,722596,FORT WORTH MEACHAM,TX,32.817,-97.367,357.875,63.40502283,0.933457083,2
854,724935,HAYWARD AIR TERM,CA,37.667,-122.117,339.8060502,62.81780822,0.934218699,1
855,722080,CHARLESTON INTL ARPT,SC,32.9,-80.033,357.5804795,79.50810502,0.936733308,2
856,747946,NASA SHUTTLE FCLTY,FL,28.617,-80.717,371.838242,84.08949772,0.937253967,2
857,725760,LANDER HUNT FIELD,WY,42.817,-108.733,318.593379,46.14086758,0.937440861,0
858,724170,ELKINS ELKINS-RANDOLPH CO ARP,WV,38.883,-79.85,334.9739726,72.09634703,0.938438408,1
859,724837,BEALE AFB,CA,39.133,-121.433,333.9696347,68.97659817,0.940268151,1
860,690150,TWENTYNINE PALMS,CA,34.3,-116.167,352.563242,60.3989726,0.942940644,2
861,722024,MIAMI/OPA LOCKA,FL,25.9,-80.283,379.9711187,85.88116438,0.946469653,2
862,726500,SPENCER,IA,43.167,-95.15,317.0794521,60.83675799,0.946677969,0
863,722225,PENSACOLA FOREST SHERMAN NAS,FL,30.35,-87.317,366.2716895,82.4543379,0.946792552,2
864,724238,HENDERSON CITY,KY,37.817,-87.683,339.2156393,61.57842466,0.947096609,1
865,724100,LYNCHBURG REGIONAL ARPT,VA,37.333,-79.2,341.1146119,67.40125571,0.947124369,2
866,726395,OSCODA WURTSMITH AFB,MI,44.45,-83.4,311.4829909,61.11210046,0.948404737,0
867,722800,YUMA INTL ARPT,AZ,32.667,-114.6,358.3988584,83.3033105,0.948881572,2
868,722410,PORT ARTHUR JEFFERSON COUNTY,TX,29.95,-94.017,367.5808219,74.5260274,0.949755854,2
869,725468,CARROLL,IA,42.05,-94.783,321.8673516,62.5847032,0.950371633,1
870,722106,FORT MYERS PAGE FIELD,FL,26.583,-81.867,377.994863,80.38447489,0.951805736,2
871,723840,BAKERSFIELD MEADOWS FIELD,CA,35.433,-119.05,348.3707763,57.98321918,0.952669498,2
872,722359,GREENWOOD LEFLORE ARPT,MS,33.5,-90.083,355.4474886,69.94794521,0.953813786,2
873,726660,SHERIDAN COUNTY ARPT,WY,44.767,-106.967,310.0848174,49.45422374,0.954175275,0
874,722575,KILLEEN MUNI (AWOS),TX,31.083,-97.683,363.8328767,62.14691781,0.956995273,2
875,722506,MCALLEN MILLER INTL AP [EDINBURG - UT],TX,26.31,-98.17,378.7929224,70.48744292,0.957058701,2
876,725750,OGDEN HINKLEY AIRPORT,UT,41.2,-112.017,325.4569635,48.35844749,0.957194827,1
877,725705,VERNAL,UT,40.433,-109.517,328.6552511,47.54109589,0.957215753,1
878,724855,TONOPAH AIRPORT,NV,38.067,-117.083,338.230137,41.52568493,0.957285847,1
879,724756,BRYCE CNYN FAA AP,UT,37.7,-112.15,339.6772831,44.77248858,0.958491697,1
880,727533,WHEATON NDB (AWOS),MN,45.7,-96.5,305.9270548,57.75399543,0.960147505,0
881,744655,AURORA MUNICIPAL,IL,41.767,-88.467,323.0671233,72.24828767,0.960986865,1
882,722903,SAN DIEGO/MONTGOMER,CA,32.817,-117.133,357.8765982,62.15251142,0.961999196,2
883,727935,SEATTLE BOEING FIELD [ISIS],WA,47.68,-122.25,296.9537671,59.20513699,0.96256847,0
884,723119,GREENVILLE DOWNTOWN AP,SC,34.85,-82.35,350.5450913,68.39143836,0.962745072,2
885,724655,HILL CITY MUNICIPAL AP,KS,39.383,-99.833,332.9563927,54.44269406,0.9637358,1
886,726487,MENOMINEE (AWOS),MI,45.133,-87.633,308.455137,58.34783105,0.964572206,0
887,725045,NEW HAVEN TWEED AIRPORT,CT,41.267,-72.883,325.1818493,64.475,0.965343708,1
888,723444,BENTONVILLE (AWOS),AR,36.35,-94.217,344.9047945,64.1173516,0.965880157,2
889,725620,NORTH PLATTE REGIONAL AP,NE,41.117,-100.667,325.8086758,54.41872146,0.966297691,1
890,725314,CAHOKIA/ST. LOUIS,IL,38.567,-90.15,336.2416667,66.18710046,0.966546669,1
891,725460,DES MOINES INTL AP,IA,41.533,-93.667,324.0584475,69.78070776,0.969071591,1
892,722550,VICTORIA REGIONAL AP,TX,28.867,-96.933,371.0482877,73.07773973,0.97095381,2
893,723677,LAS VEGAS MUNICIPAL ARPT,NM,35.65,-105.15,347.5592466,43.63184932,0.971032186,2
894,722268,DOTHAN MUNICIPAL AP,AL,31.233,-85.433,363.3281963,72.60148402,0.971337984,2
895,724320,EVANSVILLE REGIONAL AP,IN,38.05,-87.533,338.2944064,68.44589041,0.971630906,1
896,725038,STEWART FIELD,NY,41.5,-74.1,324.1939498,72.37374429,0.971708571,1
897,726578,LITTLE FALLS (AWOS),MN,45.95,-94.35,304.8028539,59.97819635,0.973237301,0
898,726650,GILLETTE/GILLETTE-C,WY,44.35,-105.533,311.9221461,48.6456621,0.973857222,0
899,724723,BLANDING,UT,37.617,-109.483,340.0023973,71.64509132,0.973908997,2
900,725266,BRADFORD REGIONAL AP,PA,41.8,-78.633,322.9309361,66.31894977,0.974053385,1
901,724116,PULASKI,VA,37.133,-80.683,341.8884703,67.14212329,0.978360604,2
902,725717,RIFLE/GARFIELD RGNL,CO,39.533,-107.717,332.3465753,54.61381279,0.978677991,1
903,725066,MARTHAS VINEYARD,MA,41.4,-70.617,324.6167808,60.87123288,0.979652177,1
904,727550,BEMIDJI MUNICIPAL,MN,47.5,-94.933,297.771347,58.57477169,0.980181915,0
905,726145,MONTPELIER AP,VT,44.2,-72.567,312.5739726,58.84326484,0.984293942,0
906,725493,KNOXVILLE,IA,41.3,-93.117,325.0388128,63.99486301,0.984364432,1
907,722640,MARFA AP,TX,30.367,-104.017,366.2119863,48.71655251,0.987456224,2
908,727457,DETROIT LAKES(AWOS),MN,46.833,-95.883,300.8176941,56.42842466,0.987510358,0
909,722317,BATON ROUGE RYAN ARPT,LA,30.533,-91.15,365.6672374,81.73321918,0.987559812,2
910,722515,CORPUS CHRISTI NAS,TX,27.683,-97.283,374.7135845,88.02522831,0.990513504,2
911,724053,WINCHESTER RGNL,VA,39.15,-78.15,333.8917808,66.20696347,0.99194636,1
912,726228,ADIRONDACK RGNL,NY,44.383,-74.2,311.7732877,60.26415525,0.992355867,0
913,725555,BROKEN BOW MUNI,NE,41.433,-99.65,324.4802511,56.39680365,0.992396367,1
914,723710,PAGE MUNI (AMOS),AZ,36.933,-111.45,342.6673516,44.36883562,0.992521084,2
915,726980,PORTLAND INTERNATIONAL AP,OR,45.6,-122.617,306.3767123,71.7336758,0.993684904,0
916,722269,CAIRNS FIELD FORT RUCKER,AL,31.267,-85.717,363.2101598,89.07226027,0.994005716,2
917,724509,NEWTON (AWOS),KS,38.05,-97.283,338.2981735,62.37260274,0.994461802,1
918,724769,FORT COLLINS (AWOS),CO,40.45,-105.017,328.5789954,44.41621005,0.996141025,1
919,722485,BARKSDALE AFB,LA,32.5,-93.667,358.9820776,84.71575342,0.996441999,2
920,723040,CAPE HATTERAS NWS BLDG,NC,35.267,-75.55,348.9924658,68.57956621,0.996948624,2
921,727840,HANFORD,WA,46.567,-119.6,302.0222603,64.82271689,0.997071333,0
922,724117,WISE/LONESOME PINE,VA,36.983,-82.533,342.4773973,78.0053653,0.997193918,2
923,726556,REDWOOD FALLS MUNI,MN,44.55,-95.083,311.0398402,60.13436073,0.997833722,0
924,725868,SODA SPRINGS/TIGERT,ID,42.65,-111.583,319.3093607,70.14440639,0.999831369,0
